PID,trial_n,audio,headphones
PPT_01,Trial_02,no_audio,speakers
PPT_01,Trial_03,no_audio,speakers
PPT_01,Trial_06,no_audio,speakers
PPT_01,Trial_08,no_audio,speakers
PPT_01,Trial_13,no_audio,speakers
PPT_01,Trial_04,white_noise,speakers
PPT_01,Trial_05,white_noise,speakers
PPT_01,Trial_09,white_noise,speakers
PPT_01,Trial_11,white_noise,speakers
PPT_01,Trial_14,white_noise,speakers
PPT_01,Trial_01,music,speakers
PPT_01,Trial_07,music,speakers
PPT_01,Trial_10,music,speakers
PPT_01,Trial_12,music,speakers
PPT_01,Trial_15,music,speakers
PPT_02,Trial_01,no_audio,speakers
PPT_02,Trial_04,no_audio,speakers
PPT_02,Trial_05,no_audio,speakers
PPT_02,Trial_12,no_audio,speakers
PPT_02,Trial_15,no_audio,speakers
PPT_02,Trial_02,white_noise,speakers
PPT_02,Trial_03,white_noise,speakers
PPT_02,Trial_07,white_noise,speakers
PPT_02,Trial_10,white_noise,speakers
PPT_02,Trial_11,white_noise,speakers
PPT_02,Trial_06,music,speakers
PPT_02,Trial_08,music,speakers
PPT_02,Trial_09,music,speakers
PPT_02,Trial_13,music,speakers
PPT_02,Trial_14,music,speakers
PPT_03,Trial_01,no_audio,speakers
PPT_03,Trial_02,no_audio,speakers
PPT_03,Trial_04,no_audio,speakers
PPT_03,Trial_10,no_audio,speakers
PPT_03,Trial_12,no_audio,speakers
PPT_03,Trial_03,white_noise,speakers
PPT_03,Trial_05,white_noise,speakers
PPT_03,Trial_07,white_noise,speakers
PPT_03,Trial_09,white_noise,speakers
PPT_03,Trial_11,white_noise,speakers
PPT_03,Trial_06,music,speakers
PPT_03,Trial_08,music,speakers
PPT_03,Trial_13,music,speakers
PPT_03,Trial_14,music,speakers
PPT_03,Trial_15,music,speakers
PPT_04,Trial_03,no_audio,speakers
PPT_04,Trial_05,no_audio,speakers
PPT_04,Trial_06,no_audio,speakers
PPT_04,Trial_12,no_audio,speakers
PPT_04,Trial_13,no_audio,speakers
PPT_04,Trial_02,white_noise,speakers
PPT_04,Trial_07,white_noise,speakers
PPT_04,Trial_08,white_noise,speakers
PPT_04,Trial_11,white_noise,speakers
PPT_04,Trial_14,white_noise,speakers
PPT_04,Trial_01,music,speakers
PPT_04,Trial_04,music,speakers
PPT_04,Trial_09,music,speakers
PPT_04,Trial_10,music,speakers
PPT_04,Trial_15,music,speakers
PPT_05,Trial_02,no_audio,speakers
PPT_05,Trial_03,no_audio,speakers
PPT_05,Trial_10,no_audio,speakers
PPT_05,Trial_11,no_audio,speakers
PPT_05,Trial_12,no_audio,speakers
PPT_05,Trial_01,white_noise,speakers
PPT_05,Trial_04,white_noise,speakers
PPT_05,Trial_06,white_noise,speakers
PPT_05,Trial_14,white_noise,speakers
PPT_05,Trial_15,white_noise,speakers
PPT_05,Trial_05,music,speakers
PPT_05,Trial_07,music,speakers
PPT_05,Trial_08,music,speakers
PPT_05,Trial_09,music,speakers
PPT_05,Trial_13,music,speakers
PPT_06,Trial_04,no_audio,speakers
PPT_06,Trial_10,no_audio,speakers
PPT_06,Trial_12,no_audio,speakers
PPT_06,Trial_14,no_audio,speakers
PPT_06,Trial_15,no_audio,speakers
PPT_06,Trial_01,white_noise,speakers
PPT_06,Trial_03,white_noise,speakers
PPT_06,Trial_05,white_noise,speakers
PPT_06,Trial_06,white_noise,speakers
PPT_06,Trial_11,white_noise,speakers
PPT_06,Trial_02,music,speakers
PPT_06,Trial_07,music,speakers
PPT_06,Trial_08,music,speakers
PPT_06,Trial_09,music,speakers
PPT_06,Trial_13,music,speakers
PPT_07,Trial_02,no_audio,speakers
PPT_07,Trial_08,no_audio,speakers
PPT_07,Trial_12,no_audio,speakers
PPT_07,Trial_13,no_audio,speakers
PPT_07,Trial_15,no_audio,speakers
PPT_07,Trial_01,white_noise,speakers
PPT_07,Trial_04,white_noise,speakers
PPT_07,Trial_07,white_noise,speakers
PPT_07,Trial_10,white_noise,speakers
PPT_07,Trial_11,white_noise,speakers
PPT_07,Trial_03,music,speakers
PPT_07,Trial_05,music,speakers
PPT_07,Trial_06,music,speakers
PPT_07,Trial_09,music,speakers
PPT_07,Trial_14,music,speakers
PPT_08,Trial_02,no_audio,speakers
PPT_08,Trial_03,no_audio,speakers
PPT_08,Trial_06,no_audio,speakers
PPT_08,Trial_08,no_audio,speakers
PPT_08,Trial_12,no_audio,speakers
PPT_08,Trial_01,white_noise,speakers
PPT_08,Trial_07,white_noise,speakers
PPT_08,Trial_09,white_noise,speakers
PPT_08,Trial_10,white_noise,speakers
PPT_08,Trial_14,white_noise,speakers
PPT_08,Trial_04,music,speakers
PPT_08,Trial_05,music,speakers
PPT_08,Trial_11,music,speakers
PPT_08,Trial_13,music,speakers
PPT_08,Trial_15,music,speakers
PPT_09,Trial_01,no_audio,speakers
PPT_09,Trial_04,no_audio,speakers
PPT_09,Trial_08,no_audio,speakers
PPT_09,Trial_09,no_audio,speakers
PPT_09,Trial_15,no_audio,speakers
PPT_09,Trial_02,white_noise,speakers
PPT_09,Trial_03,white_noise,speakers
PPT_09,Trial_12,white_noise,speakers
PPT_09,Trial_13,white_noise,speakers
PPT_09,Trial_14,white_noise,speakers
PPT_09,Trial_05,music,speakers
PPT_09,Trial_06,music,speakers
PPT_09,Trial_07,music,speakers
PPT_09,Trial_10,music,speakers
PPT_09,Trial_11,music,speakers
PPT_10,Trial_02,no_audio,speakers
PPT_10,Trial_03,no_audio,speakers
PPT_10,Trial_04,no_audio,speakers
PPT_10,Trial_10,no_audio,speakers
PPT_10,Trial_14,no_audio,speakers
PPT_10,Trial_01,white_noise,speakers
PPT_10,Trial_05,white_noise,speakers
PPT_10,Trial_07,white_noise,speakers
PPT_10,Trial_11,white_noise,speakers
PPT_10,Trial_13,white_noise,speakers
PPT_10,Trial_06,music,speakers
PPT_10,Trial_08,music,speakers
PPT_10,Trial_09,music,speakers
PPT_10,Trial_12,music,speakers
PPT_10,Trial_15,music,speakers
PPT_11,Trial_01,no_audio,speakers
PPT_11,Trial_04,no_audio,speakers
PPT_11,Trial_08,no_audio,speakers
PPT_11,Trial_09,no_audio,speakers
PPT_11,Trial_13,no_audio,speakers
PPT_11,Trial_02,white_noise,speakers
PPT_11,Trial_06,white_noise,speakers
PPT_11,Trial_11,white_noise,speakers
PPT_11,Trial_12,white_noise,speakers
PPT_11,Trial_14,white_noise,speakers
PPT_11,Trial_03,music,speakers
PPT_11,Trial_05,music,speakers
PPT_11,Trial_07,music,speakers
PPT_11,Trial_10,music,speakers
PPT_11,Trial_15,music,speakers
PPT_12,Trial_02,no_audio,speakers
PPT_12,Trial_09,no_audio,speakers
PPT_12,Trial_10,no_audio,speakers
PPT_12,Trial_13,no_audio,speakers
PPT_12,Trial_15,no_audio,speakers
PPT_12,Trial_04,white_noise,speakers
PPT_12,Trial_06,white_noise,speakers
PPT_12,Trial_07,white_noise,speakers
PPT_12,Trial_12,white_noise,speakers
PPT_12,Trial_14,white_noise,speakers
PPT_12,Trial_01,music,speakers
PPT_12,Trial_03,music,speakers
PPT_12,Trial_05,music,speakers
PPT_12,Trial_08,music,speakers
PPT_12,Trial_11,music,speakers
PPT_13,Trial_04,no_audio,speakers
PPT_13,Trial_06,no_audio,speakers
PPT_13,Trial_07,no_audio,speakers
PPT_13,Trial_08,no_audio,speakers
PPT_13,Trial_12,no_audio,speakers
PPT_13,Trial_02,white_noise,speakers
PPT_13,Trial_05,white_noise,speakers
PPT_13,Trial_11,white_noise,speakers
PPT_13,Trial_13,white_noise,speakers
PPT_13,Trial_14,white_noise,speakers
PPT_13,Trial_01,music,speakers
PPT_13,Trial_03,music,speakers
PPT_13,Trial_09,music,speakers
PPT_13,Trial_10,music,speakers
PPT_13,Trial_15,music,speakers
PPT_14,Trial_02,no_audio,speakers
PPT_14,Trial_07,no_audio,speakers
PPT_14,Trial_09,no_audio,speakers
PPT_14,Trial_11,no_audio,speakers
PPT_14,Trial_15,no_audio,speakers
PPT_14,Trial_03,white_noise,speakers
PPT_14,Trial_08,white_noise,speakers
PPT_14,Trial_12,white_noise,speakers
PPT_14,Trial_13,white_noise,speakers
PPT_14,Trial_14,white_noise,speakers
PPT_14,Trial_01,music,speakers
PPT_14,Trial_04,music,speakers
PPT_14,Trial_05,music,speakers
PPT_14,Trial_06,music,speakers
PPT_14,Trial_10,music,speakers
PPT_15,Trial_01,no_audio,speakers
PPT_15,Trial_03,no_audio,speakers
PPT_15,Trial_04,no_audio,speakers
PPT_15,Trial_06,no_audio,speakers
PPT_15,Trial_14,no_audio,speakers
PPT_15,Trial_05,white_noise,speakers
PPT_15,Trial_07,white_noise,speakers
PPT_15,Trial_08,white_noise,speakers
PPT_15,Trial_10,white_noise,speakers
PPT_15,Trial_12,white_noise,speakers
PPT_15,Trial_02,music,speakers
PPT_15,Trial_09,music,speakers
PPT_15,Trial_11,music,speakers
PPT_15,Trial_13,music,speakers
PPT_15,Trial_15,music,speakers
PPT_16,Trial_01,no_audio,speakers
PPT_16,Trial_03,no_audio,speakers
PPT_16,Trial_12,no_audio,speakers
PPT_16,Trial_13,no_audio,speakers
PPT_16,Trial_14,no_audio,speakers
PPT_16,Trial_02,white_noise,speakers
PPT_16,Trial_04,white_noise,speakers
PPT_16,Trial_09,white_noise,speakers
PPT_16,Trial_11,white_noise,speakers
PPT_16,Trial_15,white_noise,speakers
PPT_16,Trial_05,music,speakers
PPT_16,Trial_06,music,speakers
PPT_16,Trial_07,music,speakers
PPT_16,Trial_08,music,speakers
PPT_16,Trial_10,music,speakers
PPT_17,Trial_03,no_audio,speakers
PPT_17,Trial_05,no_audio,speakers
PPT_17,Trial_06,no_audio,speakers
PPT_17,Trial_12,no_audio,speakers
PPT_17,Trial_13,no_audio,speakers
PPT_17,Trial_04,white_noise,speakers
PPT_17,Trial_08,white_noise,speakers
PPT_17,Trial_09,white_noise,speakers
PPT_17,Trial_11,white_noise,speakers
PPT_17,Trial_14,white_noise,speakers
PPT_17,Trial_01,music,speakers
PPT_17,Trial_02,music,speakers
PPT_17,Trial_07,music,speakers
PPT_17,Trial_10,music,speakers
PPT_17,Trial_15,music,speakers
PPT_18,Trial_01,no_audio,speakers
PPT_18,Trial_05,no_audio,speakers
PPT_18,Trial_06,no_audio,speakers
PPT_18,Trial_13,no_audio,speakers
PPT_18,Trial_14,no_audio,speakers
PPT_18,Trial_03,white_noise,speakers
PPT_18,Trial_04,white_noise,speakers
PPT_18,Trial_07,white_noise,speakers
PPT_18,Trial_12,white_noise,speakers
PPT_18,Trial_15,white_noise,speakers
PPT_18,Trial_02,music,speakers
PPT_18,Trial_08,music,speakers
PPT_18,Trial_09,music,speakers
PPT_18,Trial_10,music,speakers
PPT_18,Trial_11,music,speakers
PPT_19,Trial_02,no_audio,speakers
PPT_19,Trial_03,no_audio,speakers
PPT_19,Trial_04,no_audio,speakers
PPT_19,Trial_08,no_audio,speakers
PPT_19,Trial_13,no_audio,speakers
PPT_19,Trial_07,white_noise,speakers
PPT_19,Trial_09,white_noise,speakers
PPT_19,Trial_11,white_noise,speakers
PPT_19,Trial_12,white_noise,speakers
PPT_19,Trial_14,white_noise,speakers
PPT_19,Trial_01,music,speakers
PPT_19,Trial_05,music,speakers
PPT_19,Trial_06,music,speakers
PPT_19,Trial_10,music,speakers
PPT_19,Trial_15,music,speakers
PPT_20,Trial_05,no_audio,speakers
PPT_20,Trial_10,no_audio,speakers
PPT_20,Trial_11,no_audio,speakers
PPT_20,Trial_13,no_audio,speakers
PPT_20,Trial_15,no_audio,speakers
PPT_20,Trial_01,white_noise,speakers
PPT_20,Trial_02,white_noise,speakers
PPT_20,Trial_08,white_noise,speakers
PPT_20,Trial_12,white_noise,speakers
PPT_20,Trial_14,white_noise,speakers
PPT_20,Trial_03,music,speakers
PPT_20,Trial_04,music,speakers
PPT_20,Trial_06,music,speakers
PPT_20,Trial_07,music,speakers
PPT_20,Trial_09,music,speakers
PPT_21,Trial_04,no_audio,anc_headphones
PPT_21,Trial_05,no_audio,anc_headphones
PPT_21,Trial_07,no_audio,anc_headphones
PPT_21,Trial_09,no_audio,anc_headphones
PPT_21,Trial_12,no_audio,anc_headphones
PPT_21,Trial_01,white_noise,anc_headphones
PPT_21,Trial_02,white_noise,anc_headphones
PPT_21,Trial_10,white_noise,anc_headphones
PPT_21,Trial_11,white_noise,anc_headphones
PPT_21,Trial_14,white_noise,anc_headphones
PPT_21,Trial_03,music,anc_headphones
PPT_21,Trial_06,music,anc_headphones
PPT_21,Trial_08,music,anc_headphones
PPT_21,Trial_13,music,anc_headphones
PPT_21,Trial_15,music,anc_headphones
PPT_22,Trial_01,no_audio,anc_headphones
PPT_22,Trial_05,no_audio,anc_headphones
PPT_22,Trial_08,no_audio,anc_headphones
PPT_22,Trial_09,no_audio,anc_headphones
PPT_22,Trial_14,no_audio,anc_headphones
PPT_22,Trial_04,white_noise,anc_headphones
PPT_22,Trial_06,white_noise,anc_headphones
PPT_22,Trial_07,white_noise,anc_headphones
PPT_22,Trial_11,white_noise,anc_headphones
PPT_22,Trial_12,white_noise,anc_headphones
PPT_22,Trial_02,music,anc_headphones
PPT_22,Trial_03,music,anc_headphones
PPT_22,Trial_10,music,anc_headphones
PPT_22,Trial_13,music,anc_headphones
PPT_22,Trial_15,music,anc_headphones
PPT_23,Trial_02,no_audio,anc_headphones
PPT_23,Trial_05,no_audio,anc_headphones
PPT_23,Trial_07,no_audio,anc_headphones
PPT_23,Trial_12,no_audio,anc_headphones
PPT_23,Trial_13,no_audio,anc_headphones
PPT_23,Trial_01,white_noise,anc_headphones
PPT_23,Trial_04,white_noise,anc_headphones
PPT_23,Trial_06,white_noise,anc_headphones
PPT_23,Trial_08,white_noise,anc_headphones
PPT_23,Trial_10,white_noise,anc_headphones
PPT_23,Trial_03,music,anc_headphones
PPT_23,Trial_09,music,anc_headphones
PPT_23,Trial_11,music,anc_headphones
PPT_23,Trial_14,music,anc_headphones
PPT_23,Trial_15,music,anc_headphones
PPT_24,Trial_06,no_audio,anc_headphones
PPT_24,Trial_08,no_audio,anc_headphones
PPT_24,Trial_09,no_audio,anc_headphones
PPT_24,Trial_10,no_audio,anc_headphones
PPT_24,Trial_11,no_audio,anc_headphones
PPT_24,Trial_04,white_noise,anc_headphones
PPT_24,Trial_05,white_noise,anc_headphones
PPT_24,Trial_07,white_noise,anc_headphones
PPT_24,Trial_13,white_noise,anc_headphones
PPT_24,Trial_15,white_noise,anc_headphones
PPT_24,Trial_01,music,anc_headphones
PPT_24,Trial_02,music,anc_headphones
PPT_24,Trial_03,music,anc_headphones
PPT_24,Trial_12,music,anc_headphones
PPT_24,Trial_14,music,anc_headphones
PPT_25,Trial_03,no_audio,anc_headphones
PPT_25,Trial_04,no_audio,anc_headphones
PPT_25,Trial_11,no_audio,anc_headphones
PPT_25,Trial_13,no_audio,anc_headphones
PPT_25,Trial_14,no_audio,anc_headphones
PPT_25,Trial_01,white_noise,anc_headphones
PPT_25,Trial_02,white_noise,anc_headphones
PPT_25,Trial_07,white_noise,anc_headphones
PPT_25,Trial_12,white_noise,anc_headphones
PPT_25,Trial_15,white_noise,anc_headphones
PPT_25,Trial_05,music,anc_headphones
PPT_25,Trial_06,music,anc_headphones
PPT_25,Trial_08,music,anc_headphones
PPT_25,Trial_09,music,anc_headphones
PPT_25,Trial_10,music,anc_headphones
PPT_26,Trial_02,no_audio,anc_headphones
PPT_26,Trial_04,no_audio,anc_headphones
PPT_26,Trial_05,no_audio,anc_headphones
PPT_26,Trial_09,no_audio,anc_headphones
PPT_26,Trial_10,no_audio,anc_headphones
PPT_26,Trial_01,white_noise,anc_headphones
PPT_26,Trial_08,white_noise,anc_headphones
PPT_26,Trial_12,white_noise,anc_headphones
PPT_26,Trial_14,white_noise,anc_headphones
PPT_26,Trial_15,white_noise,anc_headphones
PPT_26,Trial_03,music,anc_headphones
PPT_26,Trial_06,music,anc_headphones
PPT_26,Trial_07,music,anc_headphones
PPT_26,Trial_11,music,anc_headphones
PPT_26,Trial_13,music,anc_headphones
PPT_27,Trial_02,no_audio,anc_headphones
PPT_27,Trial_06,no_audio,anc_headphones
PPT_27,Trial_09,no_audio,anc_headphones
PPT_27,Trial_11,no_audio,anc_headphones
PPT_27,Trial_14,no_audio,anc_headphones
PPT_27,Trial_04,white_noise,anc_headphones
PPT_27,Trial_08,white_noise,anc_headphones
PPT_27,Trial_12,white_noise,anc_headphones
PPT_27,Trial_13,white_noise,anc_headphones
PPT_27,Trial_15,white_noise,anc_headphones
PPT_27,Trial_01,music,anc_headphones
PPT_27,Trial_03,music,anc_headphones
PPT_27,Trial_05,music,anc_headphones
PPT_27,Trial_07,music,anc_headphones
PPT_27,Trial_10,music,anc_headphones
PPT_28,Trial_04,no_audio,anc_headphones
PPT_28,Trial_07,no_audio,anc_headphones
PPT_28,Trial_11,no_audio,anc_headphones
PPT_28,Trial_14,no_audio,anc_headphones
PPT_28,Trial_15,no_audio,anc_headphones
PPT_28,Trial_01,white_noise,anc_headphones
PPT_28,Trial_03,white_noise,anc_headphones
PPT_28,Trial_10,white_noise,anc_headphones
PPT_28,Trial_12,white_noise,anc_headphones
PPT_28,Trial_13,white_noise,anc_headphones
PPT_28,Trial_02,music,anc_headphones
PPT_28,Trial_05,music,anc_headphones
PPT_28,Trial_06,music,anc_headphones
PPT_28,Trial_08,music,anc_headphones
PPT_28,Trial_09,music,anc_headphones
PPT_29,Trial_01,no_audio,anc_headphones
PPT_29,Trial_02,no_audio,anc_headphones
PPT_29,Trial_03,no_audio,anc_headphones
PPT_29,Trial_07,no_audio,anc_headphones
PPT_29,Trial_13,no_audio,anc_headphones
PPT_29,Trial_05,white_noise,anc_headphones
PPT_29,Trial_09,white_noise,anc_headphones
PPT_29,Trial_11,white_noise,anc_headphones
PPT_29,Trial_12,white_noise,anc_headphones
PPT_29,Trial_14,white_noise,anc_headphones
PPT_29,Trial_04,music,anc_headphones
PPT_29,Trial_06,music,anc_headphones
PPT_29,Trial_08,music,anc_headphones
PPT_29,Trial_10,music,anc_headphones
PPT_29,Trial_15,music,anc_headphones
PPT_30,Trial_02,no_audio,anc_headphones
PPT_30,Trial_06,no_audio,anc_headphones
PPT_30,Trial_11,no_audio,anc_headphones
PPT_30,Trial_13,no_audio,anc_headphones
PPT_30,Trial_15,no_audio,anc_headphones
PPT_30,Trial_01,white_noise,anc_headphones
PPT_30,Trial_03,white_noise,anc_headphones
PPT_30,Trial_04,white_noise,anc_headphones
PPT_30,Trial_07,white_noise,anc_headphones
PPT_30,Trial_10,white_noise,anc_headphones
PPT_30,Trial_05,music,anc_headphones
PPT_30,Trial_08,music,anc_headphones
PPT_30,Trial_09,music,anc_headphones
PPT_30,Trial_12,music,anc_headphones
PPT_30,Trial_14,music,anc_headphones
PPT_31,Trial_03,no_audio,anc_headphones
PPT_31,Trial_07,no_audio,anc_headphones
PPT_31,Trial_09,no_audio,anc_headphones
PPT_31,Trial_12,no_audio,anc_headphones
PPT_31,Trial_14,no_audio,anc_headphones
PPT_31,Trial_01,white_noise,anc_headphones
PPT_31,Trial_02,white_noise,anc_headphones
PPT_31,Trial_05,white_noise,anc_headphones
PPT_31,Trial_06,white_noise,anc_headphones
PPT_31,Trial_08,white_noise,anc_headphones
PPT_31,Trial_04,music,anc_headphones
PPT_31,Trial_10,music,anc_headphones
PPT_31,Trial_11,music,anc_headphones
PPT_31,Trial_13,music,anc_headphones
PPT_31,Trial_15,music,anc_headphones
PPT_32,Trial_03,no_audio,anc_headphones
PPT_32,Trial_04,no_audio,anc_headphones
PPT_32,Trial_05,no_audio,anc_headphones
PPT_32,Trial_06,no_audio,anc_headphones
PPT_32,Trial_09,no_audio,anc_headphones
PPT_32,Trial_02,white_noise,anc_headphones
PPT_32,Trial_07,white_noise,anc_headphones
PPT_32,Trial_10,white_noise,anc_headphones
PPT_32,Trial_11,white_noise,anc_headphones
PPT_32,Trial_14,white_noise,anc_headphones
PPT_32,Trial_01,music,anc_headphones
PPT_32,Trial_08,music,anc_headphones
PPT_32,Trial_12,music,anc_headphones
PPT_32,Trial_13,music,anc_headphones
PPT_32,Trial_15,music,anc_headphones
PPT_33,Trial_02,no_audio,anc_headphones
PPT_33,Trial_04,no_audio,anc_headphones
PPT_33,Trial_05,no_audio,anc_headphones
PPT_33,Trial_06,no_audio,anc_headphones
PPT_33,Trial_08,no_audio,anc_headphones
PPT_33,Trial_01,white_noise,anc_headphones
PPT_33,Trial_09,white_noise,anc_headphones
PPT_33,Trial_12,white_noise,anc_headphones
PPT_33,Trial_13,white_noise,anc_headphones
PPT_33,Trial_14,white_noise,anc_headphones
PPT_33,Trial_03,music,anc_headphones
PPT_33,Trial_07,music,anc_headphones
PPT_33,Trial_10,music,anc_headphones
PPT_33,Trial_11,music,anc_headphones
PPT_33,Trial_15,music,anc_headphones
PPT_34,Trial_02,no_audio,anc_headphones
PPT_34,Trial_03,no_audio,anc_headphones
PPT_34,Trial_07,no_audio,anc_headphones
PPT_34,Trial_12,no_audio,anc_headphones
PPT_34,Trial_14,no_audio,anc_headphones
PPT_34,Trial_05,white_noise,anc_headphones
PPT_34,Trial_06,white_noise,anc_headphones
PPT_34,Trial_09,white_noise,anc_headphones
PPT_34,Trial_10,white_noise,anc_headphones
PPT_34,Trial_13,white_noise,anc_headphones
PPT_34,Trial_01,music,anc_headphones
PPT_34,Trial_04,music,anc_headphones
PPT_34,Trial_08,music,anc_headphones
PPT_34,Trial_11,music,anc_headphones
PPT_34,Trial_15,music,anc_headphones
PPT_35,Trial_01,no_audio,anc_headphones
PPT_35,Trial_02,no_audio,anc_headphones
PPT_35,Trial_04,no_audio,anc_headphones
PPT_35,Trial_06,no_audio,anc_headphones
PPT_35,Trial_10,no_audio,anc_headphones
PPT_35,Trial_03,white_noise,anc_headphones
PPT_35,Trial_08,white_noise,anc_headphones
PPT_35,Trial_09,white_noise,anc_headphones
PPT_35,Trial_12,white_noise,anc_headphones
PPT_35,Trial_15,white_noise,anc_headphones
PPT_35,Trial_05,music,anc_headphones
PPT_35,Trial_07,music,anc_headphones
PPT_35,Trial_11,music,anc_headphones
PPT_35,Trial_13,music,anc_headphones
PPT_35,Trial_14,music,anc_headphones
PPT_36,Trial_01,no_audio,anc_headphones
PPT_36,Trial_04,no_audio,anc_headphones
PPT_36,Trial_05,no_audio,anc_headphones
PPT_36,Trial_06,no_audio,anc_headphones
PPT_36,Trial_12,no_audio,anc_headphones
PPT_36,Trial_03,white_noise,anc_headphones
PPT_36,Trial_07,white_noise,anc_headphones
PPT_36,Trial_08,white_noise,anc_headphones
PPT_36,Trial_10,white_noise,anc_headphones
PPT_36,Trial_13,white_noise,anc_headphones
PPT_36,Trial_02,music,anc_headphones
PPT_36,Trial_09,music,anc_headphones
PPT_36,Trial_11,music,anc_headphones
PPT_36,Trial_14,music,anc_headphones
PPT_36,Trial_15,music,anc_headphones
PPT_37,Trial_02,no_audio,anc_headphones
PPT_37,Trial_09,no_audio,anc_headphones
PPT_37,Trial_11,no_audio,anc_headphones
PPT_37,Trial_13,no_audio,anc_headphones
PPT_37,Trial_15,no_audio,anc_headphones
PPT_37,Trial_05,white_noise,anc_headphones
PPT_37,Trial_06,white_noise,anc_headphones
PPT_37,Trial_08,white_noise,anc_headphones
PPT_37,Trial_10,white_noise,anc_headphones
PPT_37,Trial_12,white_noise,anc_headphones
PPT_37,Trial_01,music,anc_headphones
PPT_37,Trial_03,music,anc_headphones
PPT_37,Trial_04,music,anc_headphones
PPT_37,Trial_07,music,anc_headphones
PPT_37,Trial_14,music,anc_headphones
PPT_38,Trial_03,no_audio,anc_headphones
PPT_38,Trial_04,no_audio,anc_headphones
PPT_38,Trial_05,no_audio,anc_headphones
PPT_38,Trial_09,no_audio,anc_headphones
PPT_38,Trial_13,no_audio,anc_headphones
PPT_38,Trial_01,white_noise,anc_headphones
PPT_38,Trial_08,white_noise,anc_headphones
PPT_38,Trial_11,white_noise,anc_headphones
PPT_38,Trial_14,white_noise,anc_headphones
PPT_38,Trial_15,white_noise,anc_headphones
PPT_38,Trial_02,music,anc_headphones
PPT_38,Trial_06,music,anc_headphones
PPT_38,Trial_07,music,anc_headphones
PPT_38,Trial_10,music,anc_headphones
PPT_38,Trial_12,music,anc_headphones
PPT_39,Trial_01,no_audio,anc_headphones
PPT_39,Trial_04,no_audio,anc_headphones
PPT_39,Trial_07,no_audio,anc_headphones
PPT_39,Trial_11,no_audio,anc_headphones
PPT_39,Trial_14,no_audio,anc_headphones
PPT_39,Trial_03,white_noise,anc_headphones
PPT_39,Trial_05,white_noise,anc_headphones
PPT_39,Trial_06,white_noise,anc_headphones
PPT_39,Trial_12,white_noise,anc_headphones
PPT_39,Trial_13,white_noise,anc_headphones
PPT_39,Trial_02,music,anc_headphones
PPT_39,Trial_08,music,anc_headphones
PPT_39,Trial_09,music,anc_headphones
PPT_39,Trial_10,music,anc_headphones
PPT_39,Trial_15,music,anc_headphones
PPT_40,Trial_03,no_audio,anc_headphones
PPT_40,Trial_07,no_audio,anc_headphones
PPT_40,Trial_09,no_audio,anc_headphones
PPT_40,Trial_14,no_audio,anc_headphones
PPT_40,Trial_15,no_audio,anc_headphones
PPT_40,Trial_01,white_noise,anc_headphones
PPT_40,Trial_04,white_noise,anc_headphones
PPT_40,Trial_05,white_noise,anc_headphones
PPT_40,Trial_08,white_noise,anc_headphones
PPT_40,Trial_13,white_noise,anc_headphones
PPT_40,Trial_02,music,anc_headphones
PPT_40,Trial_06,music,anc_headphones
PPT_40,Trial_10,music,anc_headphones
PPT_40,Trial_11,music,anc_headphones
PPT_40,Trial_12,music,anc_headphones
