child,school,isBilingual,age,PVT
Naqaa,School 1,0,4,20
Naqaa,School 1,0,5,21
Naqaa,School 1,0,6,22
Naqaa,School 1,0,7,24
Naqaa,School 1,0,8,38
Naqaa,School 1,0,9,39
Naqaa,School 1,0,10,35
Khaleefa,School 1,0,4,43
Khaleefa,School 1,0,5,49
Khaleefa,School 1,0,6,48
Khaleefa,School 1,0,7,52
Khaleefa,School 1,0,8,52
Khaleefa,School 1,0,9,47
Khaleefa,School 1,0,10,54
Madison,School 1,1,4,32
Madison,School 1,1,5,21
Madison,School 1,1,6,26
Madison,School 1,1,7,32
Madison,School 1,1,8,37
Madison,School 1,1,9,48
Madison,School 1,1,10,48
Annabel,School 1,0,4,28
Annabel,School 1,0,5,23
Annabel,School 1,0,6,38
Annabel,School 1,0,7,38
Annabel,School 1,0,8,41
Annabel,School 1,0,9,28
Annabel,School 1,0,10,44
Ngan,School 1,1,4,26
Ngan,School 1,1,5,21
Ngan,School 1,1,6,22
Ngan,School 1,1,7,27
Ngan,School 1,1,8,42
Ngan,School 1,1,9,36
Ngan,School 1,1,10,31
Sara,School 1,0,4,20
Sara,School 1,0,5,25
Sara,School 1,0,6,27
Sara,School 1,0,7,31
Sara,School 1,0,8,32
Sara,School 1,0,9,32
Sara,School 1,0,10,30
Madeline,School 1,0,4,20
Madeline,School 1,0,5,22
Madeline,School 1,0,6,25
Madeline,School 1,0,7,26
Madeline,School 1,0,8,39
Madeline,School 1,0,9,32
Madeline,School 1,0,10,33
Linda,School 1,0,4,27
Linda,School 1,0,5,27
Linda,School 1,0,6,26
Linda,School 1,0,7,42
Linda,School 1,0,8,38
Linda,School 1,0,9,42
Linda,School 1,0,10,49
Jackson,School 1,0,4,21
Jackson,School 1,0,5,22
Jackson,School 1,0,6,28
Jackson,School 1,0,7,28
Jackson,School 1,0,8,37
Jackson,School 1,0,9,26
Jackson,School 1,0,10,32
Lauren,School 2,1,4,24
Lauren,School 2,1,5,19
Lauren,School 2,1,6,22
Lauren,School 2,1,7,34
Lauren,School 2,1,8,32
Lauren,School 2,1,9,37
Lauren,School 2,1,10,45
Ghazaala,School 2,0,4,26
Ghazaala,School 2,0,5,32
Ghazaala,School 2,0,6,35
Ghazaala,School 2,0,7,35
Ghazaala,School 2,0,8,33
Ghazaala,School 2,0,9,36
Ghazaala,School 2,0,10,32
Jazmin,School 2,0,4,17
Jazmin,School 2,0,5,12
Jazmin,School 2,0,6,16
Jazmin,School 2,0,7,17
Jazmin,School 2,0,8,29
Jazmin,School 2,0,9,21
Jazmin,School 2,0,10,25
Elisha,School 2,0,4,24
Elisha,School 2,0,5,24
Elisha,School 2,0,6,21
Elisha,School 2,0,7,25
Elisha,School 2,0,8,26
Elisha,School 2,0,9,28
Elisha,School 2,0,10,23
Ayala,School 2,0,4,21
Ayala,School 2,0,5,20
Ayala,School 2,0,6,33
Ayala,School 2,0,7,30
Ayala,School 2,0,8,31
Ayala,School 2,0,9,34
Ayala,School 2,0,10,30
Faaris,School 2,0,4,11
Faaris,School 2,0,5,12
Faaris,School 2,0,6,26
Faaris,School 2,0,7,17
Faaris,School 2,0,8,25
Faaris,School 2,0,9,24
Faaris,School 2,0,10,27
Sara,School 2,1,4,25
Sara,School 2,1,5,19
Sara,School 2,1,6,23
Sara,School 2,1,7,27
Sara,School 2,1,8,17
Sara,School 2,1,9,27
Sara,School 2,1,10,24
Jordan,School 2,1,4,29
Jordan,School 2,1,5,23
Jordan,School 2,1,6,29
Jordan,School 2,1,7,34
Jordan,School 2,1,8,37
Jordan,School 2,1,9,34
Jordan,School 2,1,10,34
Sir'Renio,School 2,1,4,33
Sir'Renio,School 2,1,5,31
Sir'Renio,School 2,1,6,30
Sir'Renio,School 2,1,7,24
Sir'Renio,School 2,1,8,34
Sir'Renio,School 2,1,9,31
Sir'Renio,School 2,1,10,42
Camille,School 2,1,4,23
Camille,School 2,1,5,22
Camille,School 2,1,6,22
Camille,School 2,1,7,18
Camille,School 2,1,8,30
Camille,School 2,1,9,28
Camille,School 2,1,10,32
Dylan,School 2,0,4,27
Dylan,School 2,0,5,19
Dylan,School 2,0,6,31
Dylan,School 2,0,7,27
Dylan,School 2,0,8,31
Dylan,School 2,0,9,38
Dylan,School 2,0,10,29
Danial,School 2,1,4,27
Danial,School 2,1,5,23
Danial,School 2,1,6,24
Danial,School 2,1,7,35
Danial,School 2,1,8,30
Danial,School 2,1,9,31
Danial,School 2,1,10,36
Leo,School 2,0,4,7
Leo,School 2,0,5,10
Leo,School 2,0,6,10
Leo,School 2,0,7,9
Leo,School 2,0,8,20
Leo,School 2,0,9,33
Leo,School 2,0,10,21
Ibtisaama,School 3,0,4,24
Ibtisaama,School 3,0,5,33
Ibtisaama,School 3,0,6,25
Ibtisaama,School 3,0,7,26
Ibtisaama,School 3,0,8,33
Ibtisaama,School 3,0,9,37
Ibtisaama,School 3,0,10,25
Mikkayla,School 3,0,4,26
Mikkayla,School 3,0,5,33
Mikkayla,School 3,0,6,22
Mikkayla,School 3,0,7,35
Mikkayla,School 3,0,8,29
Mikkayla,School 3,0,9,0
Mikkayla,School 3,0,10,16
James,School 3,0,4,36
James,School 3,0,5,31
James,School 3,0,6,34
James,School 3,0,7,35
James,School 3,0,8,33
James,School 3,0,9,33
James,School 3,0,10,26
Holly,School 3,1,4,32
Holly,School 3,1,5,38
Holly,School 3,1,6,23
Holly,School 3,1,7,24
Holly,School 3,1,8,37
Holly,School 3,1,9,23
Holly,School 3,1,10,44
Tasina,School 3,1,4,25
Tasina,School 3,1,5,23
Tasina,School 3,1,6,26
Tasina,School 3,1,7,26
Tasina,School 3,1,8,12
Tasina,School 3,1,9,24
Tasina,School 3,1,10,20
Rushdi,School 3,0,4,28
Rushdi,School 3,0,5,19
Rushdi,School 3,0,6,20
Rushdi,School 3,0,7,38
Rushdi,School 3,0,8,28
Rushdi,School 3,0,9,37
Rushdi,School 3,0,10,33
Andrew,School 3,1,4,17
Andrew,School 3,1,5,25
Andrew,School 3,1,6,41
Andrew,School 3,1,7,29
Andrew,School 3,1,8,38
Andrew,School 3,1,9,26
Andrew,School 3,1,10,46
Rebekah,School 3,1,4,36
Rebekah,School 3,1,5,17
Rebekah,School 3,1,6,29
Rebekah,School 3,1,7,15
Rebekah,School 3,1,8,23
Rebekah,School 3,1,9,15
Rebekah,School 3,1,10,34
Misha,School 3,0,4,29
Misha,School 3,0,5,31
Misha,School 3,0,6,31
Misha,School 3,0,7,32
Misha,School 3,0,8,40
Misha,School 3,0,9,34
Misha,School 3,0,10,29
Nawaar,School 3,0,4,19
Nawaar,School 3,0,5,24
Nawaar,School 3,0,6,35
Nawaar,School 3,0,7,39
Nawaar,School 3,0,8,41
Nawaar,School 3,0,9,38
Nawaar,School 3,0,10,29
Jacory,School 3,0,4,18
Jacory,School 3,0,5,32
Jacory,School 3,0,6,23
Jacory,School 3,0,7,20
Jacory,School 3,0,8,30
Jacory,School 3,0,9,31
Jacory,School 3,0,10,39
Leanna,School 3,0,4,26
Leanna,School 3,0,5,13
Leanna,School 3,0,6,18
Leanna,School 3,0,7,31
Leanna,School 3,0,8,31
Leanna,School 3,0,9,13
Leanna,School 3,0,10,27
Jasmine,School 3,1,4,22
Jasmine,School 3,1,5,27
Jasmine,School 3,1,6,21
Jasmine,School 3,1,7,26
Jasmine,School 3,1,8,47
Jasmine,School 3,1,9,29
Jasmine,School 3,1,10,43
Jared,School 3,0,4,12
Jared,School 3,0,5,20
Jared,School 3,0,6,8
Jared,School 3,0,7,24
Jared,School 3,0,8,30
Jared,School 3,0,9,23
Jared,School 3,0,10,28
Angelica,School 3,0,4,20
Angelica,School 3,0,5,19
Angelica,School 3,0,6,29
Angelica,School 3,0,7,34
Angelica,School 3,0,8,22
Angelica,School 3,0,9,36
Angelica,School 3,0,10,23
Matthew,School 3,0,4,20
Matthew,School 3,0,5,27
Matthew,School 3,0,6,36
Matthew,School 3,0,7,33
Matthew,School 3,0,8,24
Matthew,School 3,0,9,36
Matthew,School 3,0,10,22
Hannah,School 3,0,4,13
Hannah,School 3,0,5,31
Hannah,School 3,0,6,20
Hannah,School 3,0,7,34
Hannah,School 3,0,8,34
Hannah,School 3,0,9,24
Hannah,School 3,0,10,28
Jonathon,School 3,0,4,4
Jonathon,School 3,0,5,14
Jonathon,School 3,0,6,29
Jonathon,School 3,0,7,30
Jonathon,School 3,0,8,23
Jonathon,School 3,0,9,37
Jonathon,School 3,0,10,28
Carlos,School 3,0,4,27
Carlos,School 3,0,5,29
Carlos,School 3,0,6,24
Carlos,School 3,0,7,23
Carlos,School 3,0,8,22
Carlos,School 3,0,9,33
Carlos,School 3,0,10,31
Blas,School 3,0,4,42
Blas,School 3,0,5,43
Blas,School 3,0,6,26
Blas,School 3,0,7,14
Blas,School 3,0,8,27
Blas,School 3,0,9,19
Blas,School 3,0,10,32
Shahaada,School 3,1,4,18
Shahaada,School 3,1,5,21
Shahaada,School 3,1,6,27
Shahaada,School 3,1,7,22
Shahaada,School 3,1,8,9
Shahaada,School 3,1,9,34
Shahaada,School 3,1,10,36
Qutb,School 3,0,4,41
Qutb,School 3,0,5,27
Qutb,School 3,0,6,26
Qutb,School 3,0,7,22
Qutb,School 3,0,8,18
Qutb,School 3,0,9,39
Qutb,School 3,0,10,23
Cristian,School 3,1,4,9
Cristian,School 3,1,5,30
Cristian,School 3,1,6,41
Cristian,School 3,1,7,32
Cristian,School 3,1,8,45
Cristian,School 3,1,9,29
Cristian,School 3,1,10,47
Thadeaus,School 3,0,4,17
Thadeaus,School 3,0,5,28
Thadeaus,School 3,0,6,21
Thadeaus,School 3,0,7,30
Thadeaus,School 3,0,8,23
Thadeaus,School 3,0,9,31
Thadeaus,School 3,0,10,39
Mahmooda,School 3,1,4,28
Mahmooda,School 3,1,5,14
Mahmooda,School 3,1,6,33
Mahmooda,School 3,1,7,42
Mahmooda,School 3,1,8,36
Mahmooda,School 3,1,9,32
Mahmooda,School 3,1,10,35
Mubarak,School 3,0,4,24
Mubarak,School 3,0,5,38
Mubarak,School 3,0,6,51
Mubarak,School 3,0,7,34
Mubarak,School 3,0,8,30
Mubarak,School 3,0,9,38
Mubarak,School 3,0,10,28
Valerie,School 3,1,4,16
Valerie,School 3,1,5,25
Valerie,School 3,1,6,27
Valerie,School 3,1,7,15
Valerie,School 3,1,8,31
Valerie,School 3,1,9,18
Valerie,School 3,1,10,40
Saul,School 3,0,4,32
Saul,School 3,0,5,31
Saul,School 3,0,6,17
Saul,School 3,0,7,32
Saul,School 3,0,8,10
Saul,School 3,0,9,14
Saul,School 3,0,10,55
Harmandeep,School 3,0,4,43
Harmandeep,School 3,0,5,33
Harmandeep,School 3,0,6,39
Harmandeep,School 3,0,7,26
Harmandeep,School 3,0,8,30
Harmandeep,School 3,0,9,46
Harmandeep,School 3,0,10,16
Shanon,School 4,0,4,17
Shanon,School 4,0,5,28
Shanon,School 4,0,6,34
Shanon,School 4,0,7,32
Shanon,School 4,0,8,33
Shanon,School 4,0,9,35
Shanon,School 4,0,10,33
Lakota,School 4,1,4,33
Lakota,School 4,1,5,33
Lakota,School 4,1,6,31
Lakota,School 4,1,7,28
Lakota,School 4,1,8,38
Lakota,School 4,1,9,34
Lakota,School 4,1,10,40
Marcus,School 4,1,4,28
Marcus,School 4,1,5,27
Marcus,School 4,1,6,30
Marcus,School 4,1,7,40
Marcus,School 4,1,8,32
Marcus,School 4,1,9,39
Marcus,School 4,1,10,34
Jordan,School 4,0,4,26
Jordan,School 4,0,5,31
Jordan,School 4,0,6,34
Jordan,School 4,0,7,30
Jordan,School 4,0,8,33
Jordan,School 4,0,9,33
Jordan,School 4,0,10,37
Travis,School 4,0,4,30
Travis,School 4,0,5,25
Travis,School 4,0,6,27
Travis,School 4,0,7,29
Travis,School 4,0,8,27
Travis,School 4,0,9,34
Travis,School 4,0,10,25
Leonel,School 4,0,4,23
Leonel,School 4,0,5,25
Leonel,School 4,0,6,30
Leonel,School 4,0,7,25
Leonel,School 4,0,8,26
Leonel,School 4,0,9,32
Leonel,School 4,0,10,27
Edward,School 4,0,4,21
Edward,School 4,0,5,27
Edward,School 4,0,6,28
Edward,School 4,0,7,36
Edward,School 4,0,8,28
Edward,School 4,0,9,27
Edward,School 4,0,10,27
Zuhaira,School 4,1,4,27
Zuhaira,School 4,1,5,26
Zuhaira,School 4,1,6,20
Zuhaira,School 4,1,7,31
Zuhaira,School 4,1,8,33
Zuhaira,School 4,1,9,35
Zuhaira,School 4,1,10,25
Alana,School 4,1,4,27
Alana,School 4,1,5,23
Alana,School 4,1,6,25
Alana,School 4,1,7,29
Alana,School 4,1,8,33
Alana,School 4,1,9,35
Alana,School 4,1,10,40
Izza,School 4,0,4,24
Izza,School 4,0,5,32
Izza,School 4,0,6,36
Izza,School 4,0,7,35
Izza,School 4,0,8,35
Izza,School 4,0,9,33
Izza,School 4,0,10,31
Maisoon,School 4,0,4,30
Maisoon,School 4,0,5,38
Maisoon,School 4,0,6,32
Maisoon,School 4,0,7,35
Maisoon,School 4,0,8,39
Maisoon,School 4,0,9,41
Maisoon,School 4,0,10,36
Dashawna,School 4,0,4,17
Dashawna,School 4,0,5,20
Dashawna,School 4,0,6,34
Dashawna,School 4,0,7,27
Dashawna,School 4,0,8,32
Dashawna,School 4,0,9,37
Dashawna,School 4,0,10,33
Daryian,School 4,1,4,25
Daryian,School 4,1,5,30
Daryian,School 4,1,6,37
Daryian,School 4,1,7,38
Daryian,School 4,1,8,40
Daryian,School 4,1,9,36
Daryian,School 4,1,10,41
Chelsea,School 4,0,4,22
Chelsea,School 4,0,5,25
Chelsea,School 4,0,6,27
Chelsea,School 4,0,7,23
Chelsea,School 4,0,8,33
Chelsea,School 4,0,9,30
Chelsea,School 4,0,10,27
Cameron,School 4,1,4,30
Cameron,School 4,1,5,33
Cameron,School 4,1,6,36
Cameron,School 4,1,7,32
Cameron,School 4,1,8,40
Cameron,School 4,1,9,44
Cameron,School 4,1,10,38
Johnny,School 5,1,4,21
Johnny,School 5,1,5,22
Johnny,School 5,1,6,25
Johnny,School 5,1,7,27
Johnny,School 5,1,8,28
Johnny,School 5,1,9,32
Johnny,School 5,1,10,37
Juan,School 5,0,4,25
Juan,School 5,0,5,24
Juan,School 5,0,6,28
Juan,School 5,0,7,30
Juan,School 5,0,8,36
Juan,School 5,0,9,41
Juan,School 5,0,10,35
Shane,School 5,0,4,28
Shane,School 5,0,5,32
Shane,School 5,0,6,30
Shane,School 5,0,7,32
Shane,School 5,0,8,38
Shane,School 5,0,9,33
Shane,School 5,0,10,34
Kikue,School 5,1,4,22
Kikue,School 5,1,5,18
Kikue,School 5,1,6,21
Kikue,School 5,1,7,23
Kikue,School 5,1,8,27
Kikue,School 5,1,9,32
Kikue,School 5,1,10,33
Linsian,School 5,0,4,19
Linsian,School 5,0,5,26
Linsian,School 5,0,6,26
Linsian,School 5,0,7,30
Linsian,School 5,0,8,24
Linsian,School 5,0,9,32
Linsian,School 5,0,10,28
Elijah,School 5,0,4,33
Elijah,School 5,0,5,36
Elijah,School 5,0,6,41
Elijah,School 5,0,7,34
Elijah,School 5,0,8,37
Elijah,School 5,0,9,43
Elijah,School 5,0,10,40
Ariadne,School 5,0,4,13
Ariadne,School 5,0,5,13
Ariadne,School 5,0,6,15
Ariadne,School 5,0,7,14
Ariadne,School 5,0,8,14
Ariadne,School 5,0,9,21
Ariadne,School 5,0,10,18
Mario,School 5,0,4,9
Mario,School 5,0,5,19
Mario,School 5,0,6,21
Mario,School 5,0,7,19
Mario,School 5,0,8,20
Mario,School 5,0,9,20
Mario,School 5,0,10,18
Christopher,School 5,0,4,19
Christopher,School 5,0,5,23
Christopher,School 5,0,6,25
Christopher,School 5,0,7,26
Christopher,School 5,0,8,25
Christopher,School 5,0,9,29
Christopher,School 5,0,10,27
NA,School 5,0,4,20
NA,School 5,0,5,23
NA,School 5,0,6,22
NA,School 5,0,7,26
NA,School 5,0,8,21
NA,School 5,0,9,24
NA,School 5,0,10,25
NA,School 5,1,4,11
NA,School 5,1,5,20
NA,School 5,1,6,19
NA,School 5,1,7,19
NA,School 5,1,8,23
NA,School 5,1,9,26
NA,School 5,1,10,32
NA,School 5,0,4,38
NA,School 5,0,5,36
NA,School 5,0,6,35
NA,School 5,0,7,40
NA,School 5,0,8,43
NA,School 5,0,9,48
NA,School 5,0,10,45
NA,School 5,1,4,18
NA,School 5,1,5,22
NA,School 5,1,6,16
NA,School 5,1,7,23
NA,School 5,1,8,21
NA,School 5,1,9,25
NA,School 5,1,10,29
NA,School 5,1,4,19
NA,School 5,1,5,14
NA,School 5,1,6,18
NA,School 5,1,7,17
NA,School 5,1,8,23
NA,School 5,1,9,21
NA,School 5,1,10,22
NA,School 5,1,4,23
NA,School 5,1,5,26
NA,School 5,1,6,19
NA,School 5,1,7,26
NA,School 5,1,8,26
NA,School 5,1,9,29
NA,School 5,1,10,29
NA,School 5,0,4,11
NA,School 5,0,5,13
NA,School 5,0,6,19
NA,School 5,0,7,16
NA,School 5,0,8,17
NA,School 5,0,9,12
NA,School 5,0,10,18
Joshua,School 6,1,4,28
Joshua,School 6,1,5,34
Joshua,School 6,1,6,33
Joshua,School 6,1,7,39
Joshua,School 6,1,8,41
Joshua,School 6,1,9,53
Joshua,School 6,1,10,43
Zachary,School 6,1,4,25
Zachary,School 6,1,5,26
Zachary,School 6,1,6,24
Zachary,School 6,1,7,20
Zachary,School 6,1,8,26
Zachary,School 6,1,9,30
Zachary,School 6,1,10,32
Savannah,School 6,0,4,32
Savannah,School 6,0,5,42
Savannah,School 6,0,6,39
Savannah,School 6,0,7,47
Savannah,School 6,0,8,38
Savannah,School 6,0,9,36
Savannah,School 6,0,10,32
Adam,School 6,1,4,25
Adam,School 6,1,5,33
Adam,School 6,1,6,36
Adam,School 6,1,7,44
Adam,School 6,1,8,42
Adam,School 6,1,9,37
Adam,School 6,1,10,57
Lesante,School 6,0,4,60
Lesante,School 6,0,5,55
Lesante,School 6,0,6,60
Lesante,School 6,0,7,53
Lesante,School 6,0,8,52
Lesante,School 6,0,9,53
Lesante,School 6,0,10,60
Tearyn,School 6,0,4,31
Tearyn,School 6,0,5,30
Tearyn,School 6,0,6,41
Tearyn,School 6,0,7,34
Tearyn,School 6,0,8,33
Tearyn,School 6,0,9,40
Tearyn,School 6,0,10,17
Raymond,School 6,1,4,31
Raymond,School 6,1,5,32
Raymond,School 6,1,6,21
Raymond,School 6,1,7,32
Raymond,School 6,1,8,36
Raymond,School 6,1,9,31
Raymond,School 6,1,10,33
Megan,School 6,0,4,28
Megan,School 6,0,5,44
Megan,School 6,0,6,44
Megan,School 6,0,7,38
Megan,School 6,0,8,47
Megan,School 6,0,9,47
Megan,School 6,0,10,44
Lucas,School 6,0,4,30
Lucas,School 6,0,5,41
Lucas,School 6,0,6,35
Lucas,School 6,0,7,34
Lucas,School 6,0,8,37
Lucas,School 6,0,9,40
Lucas,School 6,0,10,41
NA,School 6,1,4,36
NA,School 6,1,5,30
NA,School 6,1,6,32
NA,School 6,1,7,36
NA,School 6,1,8,31
NA,School 6,1,9,39
NA,School 6,1,10,44
Sana,School 7,1,4,42
Sana,School 7,1,5,28
Sana,School 7,1,6,44
Sana,School 7,1,7,45
Sana,School 7,1,8,44
Sana,School 7,1,9,39
Sana,School 7,1,10,47
Adrian,School 7,0,4,31
Adrian,School 7,0,5,34
Adrian,School 7,0,6,26
Adrian,School 7,0,7,27
Adrian,School 7,0,8,27
Adrian,School 7,0,9,36
Adrian,School 7,0,10,53
Katrina,School 7,0,4,23
Katrina,School 7,0,5,43
Katrina,School 7,0,6,40
Katrina,School 7,0,7,23
Katrina,School 7,0,8,36
Katrina,School 7,0,9,36
Katrina,School 7,0,10,38
Marisa,School 7,0,4,20
Marisa,School 7,0,5,25
Marisa,School 7,0,6,49
Marisa,School 7,0,7,33
Marisa,School 7,0,8,29
Marisa,School 7,0,9,32
Marisa,School 7,0,10,38
Elsa,School 7,1,4,35
Elsa,School 7,1,5,9
Elsa,School 7,1,6,21
Elsa,School 7,1,7,33
Elsa,School 7,1,8,55
Elsa,School 7,1,9,38
Elsa,School 7,1,10,39
Caitlin,School 7,0,4,27
Caitlin,School 7,0,5,19
Caitlin,School 7,0,6,14
Caitlin,School 7,0,7,27
Caitlin,School 7,0,8,31
Caitlin,School 7,0,9,30
Caitlin,School 7,0,10,18
Jaarallah,School 7,1,4,29
Jaarallah,School 7,1,5,19
Jaarallah,School 7,1,6,31
Jaarallah,School 7,1,7,52
Jaarallah,School 7,1,8,41
Jaarallah,School 7,1,9,41
Jaarallah,School 7,1,10,48
Kayla,School 7,1,4,43
Kayla,School 7,1,5,34
Kayla,School 7,1,6,26
Kayla,School 7,1,7,42
Kayla,School 7,1,8,37
Kayla,School 7,1,9,42
Kayla,School 7,1,10,46
Misael,School 7,1,4,29
Misael,School 7,1,5,22
Misael,School 7,1,6,26
Misael,School 7,1,7,15
Misael,School 7,1,8,46
Misael,School 7,1,9,20
Misael,School 7,1,10,35
NA,School 7,0,4,43
NA,School 7,0,5,28
NA,School 7,0,6,51
NA,School 7,0,7,17
NA,School 7,0,8,31
NA,School 7,0,9,39
NA,School 7,0,10,46
NA,School 7,1,4,16
NA,School 7,1,5,38
NA,School 7,1,6,18
NA,School 7,1,7,30
NA,School 7,1,8,28
NA,School 7,1,9,18
NA,School 7,1,10,41
NA,School 7,1,4,24
NA,School 7,1,5,16
NA,School 7,1,6,22
NA,School 7,1,7,10
NA,School 7,1,8,29
NA,School 7,1,9,20
NA,School 7,1,10,21
NA,School 7,0,4,36
NA,School 7,0,5,24
NA,School 7,0,6,39
NA,School 7,0,7,28
NA,School 7,0,8,23
NA,School 7,0,9,34
NA,School 7,0,10,41
NA,School 7,0,4,35
NA,School 7,0,5,12
NA,School 7,0,6,35
NA,School 7,0,7,22
NA,School 7,0,8,18
NA,School 7,0,9,23
NA,School 7,0,10,21
NA,School 7,1,4,35
NA,School 7,1,5,29
NA,School 7,1,6,45
NA,School 7,1,7,37
NA,School 7,1,8,46
NA,School 7,1,9,34
NA,School 7,1,10,48
NA,School 7,0,4,18
NA,School 7,0,5,29
NA,School 7,0,6,29
NA,School 7,0,7,31
NA,School 7,0,8,30
NA,School 7,0,9,22
NA,School 7,0,10,26
Payten,School 8,0,4,27
Payten,School 8,0,5,22
Payten,School 8,0,6,28
Payten,School 8,0,7,42
Payten,School 8,0,8,27
Payten,School 8,0,9,32
Payten,School 8,0,10,29
Gage,School 8,1,4,28
Gage,School 8,1,5,25
Gage,School 8,1,6,34
Gage,School 8,1,7,39
Gage,School 8,1,8,29
Gage,School 8,1,9,35
Gage,School 8,1,10,46
Afeefa,School 8,0,4,27
Afeefa,School 8,0,5,33
Afeefa,School 8,0,6,31
Afeefa,School 8,0,7,33
Afeefa,School 8,0,8,45
Afeefa,School 8,0,9,44
Afeefa,School 8,0,10,31
Timothy,School 8,0,4,24
Timothy,School 8,0,5,24
Timothy,School 8,0,6,23
Timothy,School 8,0,7,37
Timothy,School 8,0,8,34
Timothy,School 8,0,9,43
Timothy,School 8,0,10,38
Angelo,School 8,1,4,29
Angelo,School 8,1,5,23
Angelo,School 8,1,6,22
Angelo,School 8,1,7,17
Angelo,School 8,1,8,28
Angelo,School 8,1,9,29
Angelo,School 8,1,10,37
Muhammad,School 8,0,4,23
Muhammad,School 8,0,5,32
Muhammad,School 8,0,6,37
Muhammad,School 8,0,7,38
Muhammad,School 8,0,8,42
Muhammad,School 8,0,9,43
Muhammad,School 8,0,10,38
Mathew,School 9,0,4,23
Mathew,School 9,0,5,20
Mathew,School 9,0,6,27
Mathew,School 9,0,7,23
Mathew,School 9,0,8,23
Mathew,School 9,0,9,27
Mathew,School 9,0,10,24
Derek,School 9,0,4,10
Derek,School 9,0,5,14
Derek,School 9,0,6,18
Derek,School 9,0,7,20
Derek,School 9,0,8,17
Derek,School 9,0,9,26
Derek,School 9,0,10,20
Alyssa,School 9,0,4,10
Alyssa,School 9,0,5,18
Alyssa,School 9,0,6,20
Alyssa,School 9,0,7,19
Alyssa,School 9,0,8,23
Alyssa,School 9,0,9,21
Alyssa,School 9,0,10,25
Owen,School 9,0,4,23
Owen,School 9,0,5,32
Owen,School 9,0,6,30
Owen,School 9,0,7,32
Owen,School 9,0,8,36
Owen,School 9,0,9,32
Owen,School 9,0,10,41
Cynthia,School 9,0,4,21
Cynthia,School 9,0,5,23
Cynthia,School 9,0,6,27
Cynthia,School 9,0,7,30
Cynthia,School 9,0,8,33
Cynthia,School 9,0,9,27
Cynthia,School 9,0,10,29
Vuthdy,School 9,1,4,24
Vuthdy,School 9,1,5,26
Vuthdy,School 9,1,6,22
Vuthdy,School 9,1,7,26
Vuthdy,School 9,1,8,28
Vuthdy,School 9,1,9,27
Vuthdy,School 9,1,10,30
Aqeela,School 9,1,4,18
Aqeela,School 9,1,5,35
Aqeela,School 9,1,6,23
Aqeela,School 9,1,7,36
Aqeela,School 9,1,8,29
Aqeela,School 9,1,9,36
Aqeela,School 9,1,10,35
Connor,School 9,0,4,21
Connor,School 9,0,5,18
Connor,School 9,0,6,15
Connor,School 9,0,7,27
Connor,School 9,0,8,20
Connor,School 9,0,9,28
Connor,School 9,0,10,20
Yuan,School 9,0,4,16
Yuan,School 9,0,5,21
Yuan,School 9,0,6,26
Yuan,School 9,0,7,27
Yuan,School 9,0,8,28
Yuan,School 9,0,9,26
Yuan,School 9,0,10,32
NA,School 9,1,4,23
NA,School 9,1,5,24
NA,School 9,1,6,24
NA,School 9,1,7,26
NA,School 9,1,8,36
NA,School 9,1,9,33
NA,School 9,1,10,39
NA,School 9,0,4,21
NA,School 9,0,5,23
NA,School 9,0,6,27
NA,School 9,0,7,32
NA,School 9,0,8,26
NA,School 9,0,9,27
NA,School 9,0,10,24
NA,School 9,0,4,14
NA,School 9,0,5,19
NA,School 9,0,6,21
NA,School 9,0,7,23
NA,School 9,0,8,18
NA,School 9,0,9,20
NA,School 9,0,10,16
NA,School 9,0,4,16
NA,School 9,0,5,20
NA,School 9,0,6,24
NA,School 9,0,7,19
NA,School 9,0,8,26
NA,School 9,0,9,29
NA,School 9,0,10,31
NA,School 9,1,4,18
NA,School 9,1,5,28
NA,School 9,1,6,27
NA,School 9,1,7,32
NA,School 9,1,8,24
NA,School 9,1,9,36
NA,School 9,1,10,33
NA,School 9,1,4,9
NA,School 9,1,5,10
NA,School 9,1,6,2
NA,School 9,1,7,17
NA,School 9,1,8,17
NA,School 9,1,9,15
NA,School 9,1,10,10
Razeena,School 10,0,4,39
Razeena,School 10,0,5,37
Razeena,School 10,0,6,35
Razeena,School 10,0,7,38
Razeena,School 10,0,8,40
Razeena,School 10,0,9,38
Razeena,School 10,0,10,32
Mubeena,School 10,0,4,34
Mubeena,School 10,0,5,24
Mubeena,School 10,0,6,29
Mubeena,School 10,0,7,25
Mubeena,School 10,0,8,28
Mubeena,School 10,0,9,33
Mubeena,School 10,0,10,34
Christian,School 10,1,4,30
Christian,School 10,1,5,25
Christian,School 10,1,6,18
Christian,School 10,1,7,29
Christian,School 10,1,8,20
Christian,School 10,1,9,40
Christian,School 10,1,10,23
Zahra,School 10,1,4,26
Zahra,School 10,1,5,29
Zahra,School 10,1,6,33
Zahra,School 10,1,7,16
Zahra,School 10,1,8,27
Zahra,School 10,1,9,28
Zahra,School 10,1,10,31
Sharah,School 10,0,4,31
Sharah,School 10,0,5,30
Sharah,School 10,0,6,42
Sharah,School 10,0,7,31
Sharah,School 10,0,8,40
Sharah,School 10,0,9,28
Sharah,School 10,0,10,48
Julie,School 10,0,4,13
Julie,School 10,0,5,9
Julie,School 10,0,6,24
Julie,School 10,0,7,16
Julie,School 10,0,8,29
Julie,School 10,0,9,45
Julie,School 10,0,10,30
Usaama,School 10,0,4,45
Usaama,School 10,0,5,38
Usaama,School 10,0,6,40
Usaama,School 10,0,7,44
Usaama,School 10,0,8,52
Usaama,School 10,0,9,35
Usaama,School 10,0,10,42
Bassil,School 10,0,4,36
Bassil,School 10,0,5,38
Bassil,School 10,0,6,24
Bassil,School 10,0,7,40
Bassil,School 10,0,8,49
Bassil,School 10,0,9,39
Bassil,School 10,0,10,51
Tiffiny,School 10,0,4,18
Tiffiny,School 10,0,5,28
Tiffiny,School 10,0,6,16
Tiffiny,School 10,0,7,37
Tiffiny,School 10,0,8,31
Tiffiny,School 10,0,9,33
Tiffiny,School 10,0,10,15
NA,School 10,1,4,33
NA,School 10,1,5,36
NA,School 10,1,6,33
NA,School 10,1,7,26
NA,School 10,1,8,40
NA,School 10,1,9,45
NA,School 10,1,10,50
NA,School 10,1,4,55
NA,School 10,1,5,27
NA,School 10,1,6,28
NA,School 10,1,7,20
NA,School 10,1,8,33
NA,School 10,1,9,24
NA,School 10,1,10,26
NA,School 10,1,4,28
NA,School 10,1,5,28
NA,School 10,1,6,37
NA,School 10,1,7,40
NA,School 10,1,8,48
NA,School 10,1,9,44
NA,School 10,1,10,41
Nada,School 11,0,4,24
Nada,School 11,0,5,24
Nada,School 11,0,6,36
Nada,School 11,0,7,34
Nada,School 11,0,8,41
Nada,School 11,0,9,28
Nada,School 11,0,10,38
Ghuzaila,School 11,0,4,30
Ghuzaila,School 11,0,5,31
Ghuzaila,School 11,0,6,29
Ghuzaila,School 11,0,7,41
Ghuzaila,School 11,0,8,38
Ghuzaila,School 11,0,9,29
Ghuzaila,School 11,0,10,34
Henry,School 11,1,4,23
Henry,School 11,1,5,31
Henry,School 11,1,6,34
Henry,School 11,1,7,33
Henry,School 11,1,8,37
Henry,School 11,1,9,41
Henry,School 11,1,10,36
Fanicia,School 11,0,4,17
Fanicia,School 11,0,5,31
Fanicia,School 11,0,6,17
Fanicia,School 11,0,7,31
Fanicia,School 11,0,8,25
Fanicia,School 11,0,9,24
Fanicia,School 11,0,10,18
Aram,School 11,0,4,18
Aram,School 11,0,5,19
Aram,School 11,0,6,36
Aram,School 11,0,7,39
Aram,School 11,0,8,24
Aram,School 11,0,9,35
Aram,School 11,0,10,36
Nakheel,School 11,0,4,25
Nakheel,School 11,0,5,19
Nakheel,School 11,0,6,20
Nakheel,School 11,0,7,23
Nakheel,School 11,0,8,28
Nakheel,School 11,0,9,28
Nakheel,School 11,0,10,43
Muhyddeen,School 11,1,4,18
Muhyddeen,School 11,1,5,17
Muhyddeen,School 11,1,6,27
Muhyddeen,School 11,1,7,25
Muhyddeen,School 11,1,8,25
Muhyddeen,School 11,1,9,32
Muhyddeen,School 11,1,10,24
Tyler,School 11,0,4,24
Tyler,School 11,0,5,25
Tyler,School 11,0,6,31
Tyler,School 11,0,7,39
Tyler,School 11,0,8,37
Tyler,School 11,0,9,50
Tyler,School 11,0,10,38
Nu'maan,School 12,0,4,20
Nu'maan,School 12,0,5,25
Nu'maan,School 12,0,6,23
Nu'maan,School 12,0,7,25
Nu'maan,School 12,0,8,31
Nu'maan,School 12,0,9,29
Nu'maan,School 12,0,10,23
Araseli,School 12,0,4,23
Araseli,School 12,0,5,25
Araseli,School 12,0,6,13
Araseli,School 12,0,7,19
Araseli,School 12,0,8,20
Araseli,School 12,0,9,25
Araseli,School 12,0,10,15
Mattewos,School 12,0,4,18
Mattewos,School 12,0,5,37
Mattewos,School 12,0,6,26
Mattewos,School 12,0,7,44
Mattewos,School 12,0,8,24
Mattewos,School 12,0,9,25
Mattewos,School 12,0,10,42
Brody,School 12,0,4,24
Brody,School 12,0,5,22
Brody,School 12,0,6,20
Brody,School 12,0,7,48
Brody,School 12,0,8,21
Brody,School 12,0,9,26
Brody,School 12,0,10,14
Jose,School 12,0,4,15
Jose,School 12,0,5,22
Jose,School 12,0,6,32
Jose,School 12,0,7,32
Jose,School 12,0,8,29
Jose,School 12,0,9,30
Jose,School 12,0,10,22
Camron,School 12,0,4,8
Camron,School 12,0,5,18
Camron,School 12,0,6,17
Camron,School 12,0,7,26
Camron,School 12,0,8,31
Camron,School 12,0,9,37
Camron,School 12,0,10,37
Tina,School 12,1,4,26
Tina,School 12,1,5,33
Tina,School 12,1,6,47
Tina,School 12,1,7,29
Tina,School 12,1,8,28
Tina,School 12,1,9,34
Tina,School 12,1,10,48
Alaya,School 12,1,4,20
Alaya,School 12,1,5,16
Alaya,School 12,1,6,22
Alaya,School 12,1,7,30
Alaya,School 12,1,8,30
Alaya,School 12,1,9,38
Alaya,School 12,1,10,33
Mariah,School 12,1,4,13
Mariah,School 12,1,5,33
Mariah,School 12,1,6,34
Mariah,School 12,1,7,34
Mariah,School 12,1,8,30
Mariah,School 12,1,9,25
Mariah,School 12,1,10,34
NA,School 12,0,4,17
NA,School 12,0,5,0
NA,School 12,0,6,5
NA,School 12,0,7,11
NA,School 12,0,8,22
NA,School 12,0,9,23
NA,School 12,0,10,43
NA,School 12,0,4,26
NA,School 12,0,5,39
NA,School 12,0,6,29
NA,School 12,0,7,40
NA,School 12,0,8,36
NA,School 12,0,9,35
NA,School 12,0,10,40
NA,School 12,1,4,21
NA,School 12,1,5,11
NA,School 12,1,6,22
NA,School 12,1,7,22
NA,School 12,1,8,18
NA,School 12,1,9,27
NA,School 12,1,10,8
NA,School 12,1,4,26
NA,School 12,1,5,19
NA,School 12,1,6,35
NA,School 12,1,7,27
NA,School 12,1,8,22
NA,School 12,1,9,32
NA,School 12,1,10,25
NA,School 12,1,4,24
NA,School 12,1,5,26
NA,School 12,1,6,17
NA,School 12,1,7,23
NA,School 12,1,8,16
NA,School 12,1,9,26
NA,School 12,1,10,36
NA,School 12,0,4,23
NA,School 12,0,5,19
NA,School 12,0,6,27
NA,School 12,0,7,25
NA,School 12,0,8,34
NA,School 12,0,9,28
NA,School 12,0,10,43
Marissa,School 13,1,4,20
Marissa,School 13,1,5,20
Marissa,School 13,1,6,16
Marissa,School 13,1,7,24
Marissa,School 13,1,8,30
Marissa,School 13,1,9,27
Marissa,School 13,1,10,17
Haafil,School 13,0,4,40
Haafil,School 13,0,5,39
Haafil,School 13,0,6,36
Haafil,School 13,0,7,46
Haafil,School 13,0,8,46
Haafil,School 13,0,9,33
Haafil,School 13,0,10,49
Kacey,School 13,0,4,34
Kacey,School 13,0,5,38
Kacey,School 13,0,6,41
Kacey,School 13,0,7,44
Kacey,School 13,0,8,48
Kacey,School 13,0,9,39
Kacey,School 13,0,10,46
Saahira,School 13,1,4,38
Saahira,School 13,1,5,51
Saahira,School 13,1,6,39
Saahira,School 13,1,7,42
Saahira,School 13,1,8,38
Saahira,School 13,1,9,39
Saahira,School 13,1,10,46
Niki,School 13,1,4,35
Niki,School 13,1,5,30
Niki,School 13,1,6,28
Niki,School 13,1,7,20
Niki,School 13,1,8,38
Niki,School 13,1,9,27
Niki,School 13,1,10,38
Logan,School 13,1,4,33
Logan,School 13,1,5,39
Logan,School 13,1,6,38
Logan,School 13,1,7,41
Logan,School 13,1,8,36
Logan,School 13,1,9,40
Logan,School 13,1,10,43
Trevor,School 13,1,4,26
Trevor,School 13,1,5,23
Trevor,School 13,1,6,23
Trevor,School 13,1,7,21
Trevor,School 13,1,8,28
Trevor,School 13,1,9,32
Trevor,School 13,1,10,27
Rodney,School 13,0,4,10
Rodney,School 13,0,5,18
Rodney,School 13,0,6,21
Rodney,School 13,0,7,19
Rodney,School 13,0,8,22
Rodney,School 13,0,9,24
Rodney,School 13,0,10,25
Essence,School 13,0,4,41
Essence,School 13,0,5,42
Essence,School 13,0,6,48
Essence,School 13,0,7,45
Essence,School 13,0,8,45
Essence,School 13,0,9,50
Essence,School 13,0,10,37
NA,School 13,1,4,21
NA,School 13,1,5,19
NA,School 13,1,6,14
NA,School 13,1,7,24
NA,School 13,1,8,22
NA,School 13,1,9,29
NA,School 13,1,10,32
NA,School 13,0,4,23
NA,School 13,0,5,21
NA,School 13,0,6,23
NA,School 13,0,7,27
NA,School 13,0,8,28
NA,School 13,0,9,22
NA,School 13,0,10,25
NA,School 13,1,4,31
NA,School 13,1,5,36
NA,School 13,1,6,30
NA,School 13,1,7,37
NA,School 13,1,8,38
NA,School 13,1,9,29
NA,School 13,1,10,40
NA,School 13,0,4,35
NA,School 13,0,5,25
NA,School 13,0,6,26
NA,School 13,0,7,27
NA,School 13,0,8,32
NA,School 13,0,9,25
NA,School 13,0,10,39
NA,School 13,0,4,22
NA,School 13,0,5,17
NA,School 13,0,6,29
NA,School 13,0,7,24
NA,School 13,0,8,25
NA,School 13,0,9,10
NA,School 13,0,10,18
NA,School 13,0,4,32
NA,School 13,0,5,35
NA,School 13,0,6,40
NA,School 13,0,7,39
NA,School 13,0,8,33
NA,School 13,0,9,36
NA,School 13,0,10,34
NA,School 13,0,4,28
NA,School 13,0,5,37
NA,School 13,0,6,33
NA,School 13,0,7,34
NA,School 13,0,8,39
NA,School 13,0,9,30
NA,School 13,0,10,35
NA,School 13,0,4,36
NA,School 13,0,5,35
NA,School 13,0,6,46
NA,School 13,0,7,37
NA,School 13,0,8,45
NA,School 13,0,9,37
NA,School 13,0,10,42
NA,School 13,1,4,25
NA,School 13,1,5,25
NA,School 13,1,6,23
NA,School 13,1,7,40
NA,School 13,1,8,35
NA,School 13,1,9,27
NA,School 13,1,10,19
NA,School 13,0,4,49
NA,School 13,0,5,37
NA,School 13,0,6,44
NA,School 13,0,7,37
NA,School 13,0,8,36
NA,School 13,0,9,36
NA,School 13,0,10,46
NA,School 13,1,4,31
NA,School 13,1,5,19
NA,School 13,1,6,29
NA,School 13,1,7,23
NA,School 13,1,8,25
NA,School 13,1,9,36
NA,School 13,1,10,25
NA,School 13,1,4,31
NA,School 13,1,5,39
NA,School 13,1,6,34
NA,School 13,1,7,33
NA,School 13,1,8,36
NA,School 13,1,9,37
NA,School 13,1,10,37
NA,School 13,0,4,28
NA,School 13,0,5,30
NA,School 13,0,6,25
NA,School 13,0,7,27
NA,School 13,0,8,28
NA,School 13,0,9,35
NA,School 13,0,10,28
NA,School 13,0,4,26
NA,School 13,0,5,17
NA,School 13,0,6,16
NA,School 13,0,7,35
NA,School 13,0,8,32
NA,School 13,0,9,24
NA,School 13,0,10,28
NA,School 13,1,4,18
NA,School 13,1,5,15
NA,School 13,1,6,13
NA,School 13,1,7,24
NA,School 13,1,8,21
NA,School 13,1,9,22
NA,School 13,1,10,24
NA,School 13,1,4,21
NA,School 13,1,5,24
NA,School 13,1,6,25
NA,School 13,1,7,30
NA,School 13,1,8,23
NA,School 13,1,9,32
NA,School 13,1,10,23
NA,School 13,0,4,15
NA,School 13,0,5,21
NA,School 13,0,6,18
NA,School 13,0,7,23
NA,School 13,0,8,22
NA,School 13,0,9,17
NA,School 13,0,10,34
NA,School 13,0,4,39
NA,School 13,0,5,36
NA,School 13,0,6,41
NA,School 13,0,7,44
NA,School 13,0,8,35
NA,School 13,0,9,34
NA,School 13,0,10,35
Jacob,School 14,0,4,25
Jacob,School 14,0,5,16
Jacob,School 14,0,6,22
Jacob,School 14,0,7,21
Jacob,School 14,0,8,15
Jacob,School 14,0,9,12
Jacob,School 14,0,10,29
Ty,School 14,1,4,9
Ty,School 14,1,5,18
Ty,School 14,1,6,11
Ty,School 14,1,7,24
Ty,School 14,1,8,20
Ty,School 14,1,9,32
Ty,School 14,1,10,32
William,School 14,0,4,30
William,School 14,0,5,26
William,School 14,0,6,23
William,School 14,0,7,25
William,School 14,0,8,34
William,School 14,0,9,32
William,School 14,0,10,36
James,School 14,0,4,20
James,School 14,0,5,25
James,School 14,0,6,24
James,School 14,0,7,33
James,School 14,0,8,27
James,School 14,0,9,38
James,School 14,0,10,29
Christina,School 14,1,4,24
Christina,School 14,1,5,26
Christina,School 14,1,6,21
Christina,School 14,1,7,31
Christina,School 14,1,8,21
Christina,School 14,1,9,35
Christina,School 14,1,10,30
Navar,School 14,0,4,16
Navar,School 14,0,5,11
Navar,School 14,0,6,35
Navar,School 14,0,7,26
Navar,School 14,0,8,20
Navar,School 14,0,9,23
Navar,School 14,0,10,21
Tanner,School 14,1,4,11
Tanner,School 14,1,5,12
Tanner,School 14,1,6,13
Tanner,School 14,1,7,12
Tanner,School 14,1,8,21
Tanner,School 14,1,9,27
Tanner,School 14,1,10,19
Deja,School 14,1,4,31
Deja,School 14,1,5,43
Deja,School 14,1,6,38
Deja,School 14,1,7,44
Deja,School 14,1,8,50
Deja,School 14,1,9,28
Deja,School 14,1,10,39
Chase,School 14,1,4,14
Chase,School 14,1,5,7
Chase,School 14,1,6,16
Chase,School 14,1,7,10
Chase,School 14,1,8,15
Chase,School 14,1,9,19
Chase,School 14,1,10,14
NA,School 14,0,4,29
NA,School 14,0,5,20
NA,School 14,0,6,24
NA,School 14,0,7,24
NA,School 14,0,8,29
NA,School 14,0,9,28
NA,School 14,0,10,30
NA,School 14,0,4,11
NA,School 14,0,5,15
NA,School 14,0,6,25
NA,School 14,0,7,12
NA,School 14,0,8,21
NA,School 14,0,9,22
NA,School 14,0,10,24
NA,School 14,0,4,17
NA,School 14,0,5,20
NA,School 14,0,6,13
NA,School 14,0,7,13
NA,School 14,0,8,30
NA,School 14,0,9,20
NA,School 14,0,10,12
NA,School 14,0,4,19
NA,School 14,0,5,17
NA,School 14,0,6,15
NA,School 14,0,7,15
NA,School 14,0,8,17
NA,School 14,0,9,19
NA,School 14,0,10,24
NA,School 14,1,4,23
NA,School 14,1,5,34
NA,School 14,1,6,31
NA,School 14,1,7,32
NA,School 14,1,8,36
NA,School 14,1,9,30
NA,School 14,1,10,30
NA,School 14,1,4,8
NA,School 14,1,5,14
NA,School 14,1,6,12
NA,School 14,1,7,12
NA,School 14,1,8,15
NA,School 14,1,9,12
NA,School 14,1,10,9
NA,School 14,0,4,33
NA,School 14,0,5,26
NA,School 14,0,6,32
NA,School 14,0,7,32
NA,School 14,0,8,32
NA,School 14,0,9,36
NA,School 14,0,10,31
NA,School 14,1,4,30
NA,School 14,1,5,34
NA,School 14,1,6,29
NA,School 14,1,7,37
NA,School 14,1,8,35
NA,School 14,1,9,44
NA,School 14,1,10,37
NA,School 14,1,4,39
NA,School 14,1,5,35
NA,School 14,1,6,38
NA,School 14,1,7,36
NA,School 14,1,8,48
NA,School 14,1,9,41
NA,School 14,1,10,46
NA,School 14,0,4,22
NA,School 14,0,5,22
NA,School 14,0,6,33
NA,School 14,0,7,32
NA,School 14,0,8,33
NA,School 14,0,9,31
NA,School 14,0,10,29
NA,School 14,0,4,17
NA,School 14,0,5,30
NA,School 14,0,6,13
NA,School 14,0,7,38
NA,School 14,0,8,46
NA,School 14,0,9,40
NA,School 14,0,10,30
NA,School 14,0,4,17
NA,School 14,0,5,23
NA,School 14,0,6,21
NA,School 14,0,7,22
NA,School 14,0,8,18
NA,School 14,0,9,21
NA,School 14,0,10,25
NA,School 14,0,4,21
NA,School 14,0,5,13
NA,School 14,0,6,10
NA,School 14,0,7,18
NA,School 14,0,8,16
NA,School 14,0,9,25
NA,School 14,0,10,25
NA,School 14,1,4,15
NA,School 14,1,5,17
NA,School 14,1,6,22
NA,School 14,1,7,17
NA,School 14,1,8,14
NA,School 14,1,9,20
NA,School 14,1,10,14
NA,School 14,0,4,25
NA,School 14,0,5,18
NA,School 14,0,6,27
NA,School 14,0,7,19
NA,School 14,0,8,30
NA,School 14,0,9,31
NA,School 14,0,10,24
NA,School 14,0,4,14
NA,School 14,0,5,17
NA,School 14,0,6,11
NA,School 14,0,7,33
NA,School 14,0,8,22
NA,School 14,0,9,23
NA,School 14,0,10,16
Julian,School 15,0,4,22
Julian,School 15,0,5,10
Julian,School 15,0,6,21
Julian,School 15,0,7,31
Julian,School 15,0,8,23
Julian,School 15,0,9,28
Julian,School 15,0,10,44
Kye,School 15,1,4,23
Kye,School 15,1,5,27
Kye,School 15,1,6,17
Kye,School 15,1,7,33
Kye,School 15,1,8,21
Kye,School 15,1,9,36
Kye,School 15,1,10,25
Guled,School 15,1,4,28
Guled,School 15,1,5,32
Guled,School 15,1,6,11
Guled,School 15,1,7,36
Guled,School 15,1,8,34
Guled,School 15,1,9,23
Guled,School 15,1,10,24
Breaunna,School 15,1,4,25
Breaunna,School 15,1,5,16
Breaunna,School 15,1,6,23
Breaunna,School 15,1,7,27
Breaunna,School 15,1,8,29
Breaunna,School 15,1,9,25
Breaunna,School 15,1,10,42
Kyle,School 15,0,4,12
Kyle,School 15,0,5,15
Kyle,School 15,0,6,13
Kyle,School 15,0,7,9
Kyle,School 15,0,8,8
Kyle,School 15,0,9,24
Kyle,School 15,0,10,21
Abdul Wadood,School 15,0,4,21
Abdul Wadood,School 15,0,5,23
Abdul Wadood,School 15,0,6,29
Abdul Wadood,School 15,0,7,30
Abdul Wadood,School 15,0,8,35
Abdul Wadood,School 15,0,9,28
Abdul Wadood,School 15,0,10,36
Kiesha,School 15,0,4,23
Kiesha,School 15,0,5,16
Kiesha,School 15,0,6,32
Kiesha,School 15,0,7,20
Kiesha,School 15,0,8,38
Kiesha,School 15,0,9,44
Kiesha,School 15,0,10,32
Arhab,School 15,1,4,26
Arhab,School 15,1,5,34
Arhab,School 15,1,6,23
Arhab,School 15,1,7,33
Arhab,School 15,1,8,38
Arhab,School 15,1,9,34
Arhab,School 15,1,10,30
Hunter,School 15,1,4,16
Hunter,School 15,1,5,20
Hunter,School 15,1,6,16
Hunter,School 15,1,7,11
Hunter,School 15,1,8,15
Hunter,School 15,1,9,19
Hunter,School 15,1,10,21
NA,School 15,0,4,25
NA,School 15,0,5,20
NA,School 15,0,6,20
NA,School 15,0,7,25
NA,School 15,0,8,27
NA,School 15,0,9,27
NA,School 15,0,10,34
NA,School 15,0,4,25
NA,School 15,0,5,36
NA,School 15,0,6,22
NA,School 15,0,7,29
NA,School 15,0,8,39
NA,School 15,0,9,46
NA,School 15,0,10,17
NA,School 15,0,4,17
NA,School 15,0,5,22
NA,School 15,0,6,24
NA,School 15,0,7,21
NA,School 15,0,8,25
NA,School 15,0,9,28
NA,School 15,0,10,23
NA,School 15,1,4,21
NA,School 15,1,5,27
NA,School 15,1,6,21
NA,School 15,1,7,10
NA,School 15,1,8,23
NA,School 15,1,9,29
NA,School 15,1,10,41
NA,School 15,0,4,19
NA,School 15,0,5,33
NA,School 15,0,6,5
NA,School 15,0,7,32
NA,School 15,0,8,44
NA,School 15,0,9,26
NA,School 15,0,10,31
NA,School 15,0,4,21
NA,School 15,0,5,19
NA,School 15,0,6,48
NA,School 15,0,7,36
NA,School 15,0,8,31
NA,School 15,0,9,30
NA,School 15,0,10,28
NA,School 15,0,4,18
NA,School 15,0,5,31
NA,School 15,0,6,40
NA,School 15,0,7,31
NA,School 15,0,8,41
NA,School 15,0,9,43
NA,School 15,0,10,28
NA,School 15,1,4,37
NA,School 15,1,5,29
NA,School 15,1,6,35
NA,School 15,1,7,18
NA,School 15,1,8,28
NA,School 15,1,9,43
NA,School 15,1,10,30
NA,School 15,0,4,21
NA,School 15,0,5,38
NA,School 15,0,6,48
NA,School 15,0,7,29
NA,School 15,0,8,44
NA,School 15,0,9,28
NA,School 15,0,10,25
Matthew,School 16,0,4,28
Matthew,School 16,0,5,27
Matthew,School 16,0,6,35
Matthew,School 16,0,7,39
Matthew,School 16,0,8,33
Matthew,School 16,0,9,30
Matthew,School 16,0,10,30
Isaiah,School 16,0,4,22
Isaiah,School 16,0,5,30
Isaiah,School 16,0,6,31
Isaiah,School 16,0,7,32
Isaiah,School 16,0,8,35
Isaiah,School 16,0,9,30
Isaiah,School 16,0,10,34
Mawdood,School 16,0,4,23
Mawdood,School 16,0,5,26
Mawdood,School 16,0,6,27
Mawdood,School 16,0,7,34
Mawdood,School 16,0,8,32
Mawdood,School 16,0,9,27
Mawdood,School 16,0,10,37
Sara Andrea,School 16,1,4,27
Sara Andrea,School 16,1,5,30
Sara Andrea,School 16,1,6,27
Sara Andrea,School 16,1,7,29
Sara Andrea,School 16,1,8,30
Sara Andrea,School 16,1,9,31
Sara Andrea,School 16,1,10,31
Nijah,School 16,0,4,13
Nijah,School 16,0,5,18
Nijah,School 16,0,6,25
Nijah,School 16,0,7,28
Nijah,School 16,0,8,27
Nijah,School 16,0,9,18
Nijah,School 16,0,10,21
Alec,School 16,1,4,36
Alec,School 16,1,5,38
Alec,School 16,1,6,38
Alec,School 16,1,7,41
Alec,School 16,1,8,44
Alec,School 16,1,9,43
Alec,School 16,1,10,40
Benigno,School 16,0,4,18
Benigno,School 16,0,5,24
Benigno,School 16,0,6,25
Benigno,School 16,0,7,20
Benigno,School 16,0,8,29
Benigno,School 16,0,9,34
Benigno,School 16,0,10,32
Haarith,School 16,1,4,30
Haarith,School 16,1,5,29
Haarith,School 16,1,6,31
Haarith,School 16,1,7,27
Haarith,School 16,1,8,34
Haarith,School 16,1,9,41
Haarith,School 16,1,10,31
Sonia,School 16,0,4,16
Sonia,School 16,0,5,22
Sonia,School 16,0,6,23
Sonia,School 16,0,7,22
Sonia,School 16,0,8,25
Sonia,School 16,0,9,27
Sonia,School 16,0,10,31
NA,School 16,1,4,26
NA,School 16,1,5,20
NA,School 16,1,6,19
NA,School 16,1,7,21
NA,School 16,1,8,33
NA,School 16,1,9,27
NA,School 16,1,10,29
NA,School 16,0,4,5
NA,School 16,0,5,17
NA,School 16,0,6,12
NA,School 16,0,7,6
NA,School 16,0,8,12
NA,School 16,0,9,24
NA,School 16,0,10,16
NA,School 16,0,4,27
NA,School 16,0,5,29
NA,School 16,0,6,27
NA,School 16,0,7,29
NA,School 16,0,8,34
NA,School 16,0,9,32
NA,School 16,0,10,31
NA,School 16,0,4,15
NA,School 16,0,5,18
NA,School 16,0,6,26
NA,School 16,0,7,27
NA,School 16,0,8,27
NA,School 16,0,9,27
NA,School 16,0,10,29
NA,School 16,1,4,30
NA,School 16,1,5,23
NA,School 16,1,6,22
NA,School 16,1,7,24
NA,School 16,1,8,23
NA,School 16,1,9,36
NA,School 16,1,10,29
NA,School 16,0,4,18
NA,School 16,0,5,21
NA,School 16,0,6,28
NA,School 16,0,7,24
NA,School 16,0,8,25
NA,School 16,0,9,28
NA,School 16,0,10,28
NA,School 16,0,4,20
NA,School 16,0,5,22
NA,School 16,0,6,23
NA,School 16,0,7,15
NA,School 16,0,8,26
NA,School 16,0,9,27
NA,School 16,0,10,22
NA,School 16,1,4,25
NA,School 16,1,5,19
NA,School 16,1,6,22
NA,School 16,1,7,19
NA,School 16,1,8,22
NA,School 16,1,9,26
NA,School 16,1,10,30
NA,School 16,0,4,16
NA,School 16,0,5,19
NA,School 16,0,6,24
NA,School 16,0,7,31
NA,School 16,0,8,36
NA,School 16,0,9,29
NA,School 16,0,10,23
NA,School 16,0,4,23
NA,School 16,0,5,25
NA,School 16,0,6,23
NA,School 16,0,7,34
NA,School 16,0,8,35
NA,School 16,0,9,31
NA,School 16,0,10,28
NA,School 16,0,4,24
NA,School 16,0,5,28
NA,School 16,0,6,32
NA,School 16,0,7,25
NA,School 16,0,8,33
NA,School 16,0,9,29
NA,School 16,0,10,35
NA,School 16,0,4,24
NA,School 16,0,5,25
NA,School 16,0,6,28
NA,School 16,0,7,26
NA,School 16,0,8,30
NA,School 16,0,9,34
NA,School 16,0,10,33
NA,School 16,0,4,16
NA,School 16,0,5,21
NA,School 16,0,6,27
NA,School 16,0,7,30
NA,School 16,0,8,30
NA,School 16,0,9,34
NA,School 16,0,10,33
Cecilia,School 17,1,4,24
Cecilia,School 17,1,5,33
Cecilia,School 17,1,6,26
Cecilia,School 17,1,7,33
Cecilia,School 17,1,8,30
Cecilia,School 17,1,9,32
Cecilia,School 17,1,10,35
Fidda,School 17,1,4,22
Fidda,School 17,1,5,26
Fidda,School 17,1,6,23
Fidda,School 17,1,7,24
Fidda,School 17,1,8,26
Fidda,School 17,1,9,31
Fidda,School 17,1,10,34
Kendell,School 17,0,4,27
Kendell,School 17,0,5,21
Kendell,School 17,0,6,33
Kendell,School 17,0,7,37
Kendell,School 17,0,8,35
Kendell,School 17,0,9,36
Kendell,School 17,0,10,38
Samantha,School 17,0,4,31
Samantha,School 17,0,5,33
Samantha,School 17,0,6,30
Samantha,School 17,0,7,34
Samantha,School 17,0,8,36
Samantha,School 17,0,9,33
Samantha,School 17,0,10,32
Deshay,School 17,0,4,21
Deshay,School 17,0,5,29
Deshay,School 17,0,6,33
Deshay,School 17,0,7,27
Deshay,School 17,0,8,28
Deshay,School 17,0,9,36
Deshay,School 17,0,10,33
Yasmeen,School 17,1,4,25
Yasmeen,School 17,1,5,31
Yasmeen,School 17,1,6,23
Yasmeen,School 17,1,7,34
Yasmeen,School 17,1,8,29
Yasmeen,School 17,1,9,32
Yasmeen,School 17,1,10,33
Jordyn,School 17,1,4,18
Jordyn,School 17,1,5,16
Jordyn,School 17,1,6,16
Jordyn,School 17,1,7,18
Jordyn,School 17,1,8,23
Jordyn,School 17,1,9,23
Jordyn,School 17,1,10,16
Joseph,School 17,0,4,30
Joseph,School 17,0,5,30
Joseph,School 17,0,6,31
Joseph,School 17,0,7,30
Joseph,School 17,0,8,32
Joseph,School 17,0,9,35
Joseph,School 17,0,10,35
Khulan,School 17,1,4,17
Khulan,School 17,1,5,24
Khulan,School 17,1,6,20
Khulan,School 17,1,7,26
Khulan,School 17,1,8,20
Khulan,School 17,1,9,31
Khulan,School 17,1,10,27
NA,School 17,0,4,23
NA,School 17,0,5,31
NA,School 17,0,6,33
NA,School 17,0,7,30
NA,School 17,0,8,33
NA,School 17,0,9,34
NA,School 17,0,10,39
NA,School 17,0,4,32
NA,School 17,0,5,34
NA,School 17,0,6,33
NA,School 17,0,7,35
NA,School 17,0,8,33
NA,School 17,0,9,34
NA,School 17,0,10,37
NA,School 17,0,4,27
NA,School 17,0,5,26
NA,School 17,0,6,28
NA,School 17,0,7,35
NA,School 17,0,8,33
NA,School 17,0,9,28
NA,School 17,0,10,40
NA,School 17,1,4,30
NA,School 17,1,5,35
NA,School 17,1,6,30
NA,School 17,1,7,33
NA,School 17,1,8,32
NA,School 17,1,9,32
NA,School 17,1,10,38
NA,School 17,0,4,26
NA,School 17,0,5,32
NA,School 17,0,6,35
NA,School 17,0,7,28
NA,School 17,0,8,32
NA,School 17,0,9,35
NA,School 17,0,10,32
NA,School 17,0,4,14
NA,School 17,0,5,24
NA,School 17,0,6,26
NA,School 17,0,7,18
NA,School 17,0,8,23
NA,School 17,0,9,34
NA,School 17,0,10,30
NA,School 17,0,4,23
NA,School 17,0,5,24
NA,School 17,0,6,36
NA,School 17,0,7,25
NA,School 17,0,8,29
NA,School 17,0,9,33
NA,School 17,0,10,33
NA,School 17,1,4,21
NA,School 17,1,5,24
NA,School 17,1,6,26
NA,School 17,1,7,27
NA,School 17,1,8,31
NA,School 17,1,9,28
NA,School 17,1,10,33
NA,School 17,1,4,21
NA,School 17,1,5,22
NA,School 17,1,6,31
NA,School 17,1,7,24
NA,School 17,1,8,27
NA,School 17,1,9,31
NA,School 17,1,10,36
NA,School 17,1,4,14
NA,School 17,1,5,21
NA,School 17,1,6,14
NA,School 17,1,7,22
NA,School 17,1,8,30
NA,School 17,1,9,18
NA,School 17,1,10,23
NA,School 17,0,4,31
NA,School 17,0,5,27
NA,School 17,0,6,37
NA,School 17,0,7,31
NA,School 17,0,8,36
NA,School 17,0,9,41
NA,School 17,0,10,37
NA,School 17,1,4,18
NA,School 17,1,5,22
NA,School 17,1,6,29
NA,School 17,1,7,25
NA,School 17,1,8,34
NA,School 17,1,9,36
NA,School 17,1,10,35
NA,School 17,1,4,24
NA,School 17,1,5,26
NA,School 17,1,6,27
NA,School 17,1,7,25
NA,School 17,1,8,29
NA,School 17,1,9,34
NA,School 17,1,10,35
NA,School 17,1,4,31
NA,School 17,1,5,29
NA,School 17,1,6,37
NA,School 17,1,7,37
NA,School 17,1,8,30
NA,School 17,1,9,38
NA,School 17,1,10,42
Celia,School 18,0,4,31
Celia,School 18,0,5,44
Celia,School 18,0,6,37
Celia,School 18,0,7,41
Celia,School 18,0,8,46
Celia,School 18,0,9,41
Celia,School 18,0,10,41
Ashley,School 18,1,4,28
Ashley,School 18,1,5,28
Ashley,School 18,1,6,38
Ashley,School 18,1,7,27
Ashley,School 18,1,8,36
Ashley,School 18,1,9,37
Ashley,School 18,1,10,34
Dakota,School 18,1,4,24
Dakota,School 18,1,5,32
Dakota,School 18,1,6,25
Dakota,School 18,1,7,37
Dakota,School 18,1,8,36
Dakota,School 18,1,9,45
Dakota,School 18,1,10,41
Decarlo,School 18,0,4,15
Decarlo,School 18,0,5,23
Decarlo,School 18,0,6,31
Decarlo,School 18,0,7,16
Decarlo,School 18,0,8,27
Decarlo,School 18,0,9,25
Decarlo,School 18,0,10,22
Laten,School 18,0,4,23
Laten,School 18,0,5,19
Laten,School 18,0,6,23
Laten,School 18,0,7,21
Laten,School 18,0,8,40
Laten,School 18,0,9,13
Laten,School 18,0,10,28
Alex,School 18,0,4,38
Alex,School 18,0,5,30
Alex,School 18,0,6,35
Alex,School 18,0,7,40
Alex,School 18,0,8,52
Alex,School 18,0,9,45
Alex,School 18,0,10,47
Aliyya,School 18,0,4,41
Aliyya,School 18,0,5,47
Aliyya,School 18,0,6,39
Aliyya,School 18,0,7,45
Aliyya,School 18,0,8,51
Aliyya,School 18,0,9,46
Aliyya,School 18,0,10,45
Justin,School 18,0,4,17
Justin,School 18,0,5,22
Justin,School 18,0,6,30
Justin,School 18,0,7,29
Justin,School 18,0,8,24
Justin,School 18,0,9,27
Justin,School 18,0,10,25
Wyatt,School 18,0,4,11
Wyatt,School 18,0,5,26
Wyatt,School 18,0,6,18
Wyatt,School 18,0,7,23
Wyatt,School 18,0,8,21
Wyatt,School 18,0,9,26
Wyatt,School 18,0,10,22
NA,School 18,1,4,15
NA,School 18,1,5,25
NA,School 18,1,6,30
NA,School 18,1,7,33
NA,School 18,1,8,22
NA,School 18,1,9,32
NA,School 18,1,10,36
NA,School 18,0,4,27
NA,School 18,0,5,40
NA,School 18,0,6,31
NA,School 18,0,7,32
NA,School 18,0,8,35
NA,School 18,0,9,40
NA,School 18,0,10,33
NA,School 18,0,4,18
NA,School 18,0,5,28
NA,School 18,0,6,28
NA,School 18,0,7,30
NA,School 18,0,8,25
NA,School 18,0,9,30
NA,School 18,0,10,34
NA,School 18,0,4,31
NA,School 18,0,5,28
NA,School 18,0,6,24
NA,School 18,0,7,32
NA,School 18,0,8,34
NA,School 18,0,9,29
NA,School 18,0,10,32
Ali,School 19,1,4,20
Ali,School 19,1,5,22
Ali,School 19,1,6,18
Ali,School 19,1,7,30
Ali,School 19,1,8,32
Ali,School 19,1,9,35
Ali,School 19,1,10,29
Allyson,School 19,1,4,19
Allyson,School 19,1,5,26
Allyson,School 19,1,6,20
Allyson,School 19,1,7,26
Allyson,School 19,1,8,28
Allyson,School 19,1,9,32
Allyson,School 19,1,10,25
Anjanetta,School 19,0,4,8
Anjanetta,School 19,0,5,12
Anjanetta,School 19,0,6,16
Anjanetta,School 19,0,7,19
Anjanetta,School 19,0,8,23
Anjanetta,School 19,0,9,16
Anjanetta,School 19,0,10,13
Genevieve,School 19,1,4,14
Genevieve,School 19,1,5,17
Genevieve,School 19,1,6,19
Genevieve,School 19,1,7,12
Genevieve,School 19,1,8,17
Genevieve,School 19,1,9,23
Genevieve,School 19,1,10,26
Musaddiq,School 19,0,4,23
Musaddiq,School 19,0,5,28
Musaddiq,School 19,0,6,37
Musaddiq,School 19,0,7,37
Musaddiq,School 19,0,8,36
Musaddiq,School 19,0,9,44
Musaddiq,School 19,0,10,35
Luis,School 19,1,4,22
Luis,School 19,1,5,24
Luis,School 19,1,6,22
Luis,School 19,1,7,27
Luis,School 19,1,8,27
Luis,School 19,1,9,27
Luis,School 19,1,10,23
Charlotte,School 19,0,4,16
Charlotte,School 19,0,5,11
Charlotte,School 19,0,6,17
Charlotte,School 19,0,7,22
Charlotte,School 19,0,8,19
Charlotte,School 19,0,9,18
Charlotte,School 19,0,10,26
Kyle,School 19,0,4,14
Kyle,School 19,0,5,22
Kyle,School 19,0,6,22
Kyle,School 19,0,7,18
Kyle,School 19,0,8,20
Kyle,School 19,0,9,23
Kyle,School 19,0,10,34
Reed,School 19,0,4,24
Reed,School 19,0,5,31
Reed,School 19,0,6,26
Reed,School 19,0,7,33
Reed,School 19,0,8,36
Reed,School 19,0,9,28
Reed,School 19,0,10,27
NA,School 19,0,4,21
NA,School 19,0,5,15
NA,School 19,0,6,18
NA,School 19,0,7,23
NA,School 19,0,8,24
NA,School 19,0,9,23
NA,School 19,0,10,23
NA,School 19,0,4,19
NA,School 19,0,5,24
NA,School 19,0,6,21
NA,School 19,0,7,32
NA,School 19,0,8,27
NA,School 19,0,9,29
NA,School 19,0,10,22
NA,School 19,0,4,19
NA,School 19,0,5,26
NA,School 19,0,6,24
NA,School 19,0,7,28
NA,School 19,0,8,23
NA,School 19,0,9,27
NA,School 19,0,10,27
NA,School 19,1,4,8
NA,School 19,1,5,13
NA,School 19,1,6,8
NA,School 19,1,7,19
NA,School 19,1,8,20
NA,School 19,1,9,21
NA,School 19,1,10,19
NA,School 19,1,4,7
NA,School 19,1,5,11
NA,School 19,1,6,15
NA,School 19,1,7,8
NA,School 19,1,8,16
NA,School 19,1,9,17
NA,School 19,1,10,12
NA,School 19,1,4,1
NA,School 19,1,5,8
NA,School 19,1,6,7
NA,School 19,1,7,11
NA,School 19,1,8,11
NA,School 19,1,9,15
NA,School 19,1,10,10
Tuyet,School 20,1,4,17
Tuyet,School 20,1,5,24
Tuyet,School 20,1,6,16
Tuyet,School 20,1,7,20
Tuyet,School 20,1,8,24
Tuyet,School 20,1,9,22
Tuyet,School 20,1,10,25
Jose,School 20,0,4,25
Jose,School 20,0,5,26
Jose,School 20,0,6,25
Jose,School 20,0,7,26
Jose,School 20,0,8,22
Jose,School 20,0,9,34
Jose,School 20,0,10,36
Rose,School 20,1,4,7
Rose,School 20,1,5,7
Rose,School 20,1,6,8
Rose,School 20,1,7,11
Rose,School 20,1,8,13
Rose,School 20,1,9,17
Rose,School 20,1,10,12
Hamdaan,School 20,0,4,9
Hamdaan,School 20,0,5,15
Hamdaan,School 20,0,6,11
Hamdaan,School 20,0,7,23
Hamdaan,School 20,0,8,21
Hamdaan,School 20,0,9,22
Hamdaan,School 20,0,10,17
Elena,School 20,1,4,19
Elena,School 20,1,5,18
Elena,School 20,1,6,14
Elena,School 20,1,7,15
Elena,School 20,1,8,21
Elena,School 20,1,9,25
Elena,School 20,1,10,19
Kelsey,School 20,0,4,11
Kelsey,School 20,0,5,30
Kelsey,School 20,0,6,23
Kelsey,School 20,0,7,27
Kelsey,School 20,0,8,26
Kelsey,School 20,0,9,24
Kelsey,School 20,0,10,19
Rodrigo,School 20,0,4,17
Rodrigo,School 20,0,5,12
Rodrigo,School 20,0,6,23
Rodrigo,School 20,0,7,26
Rodrigo,School 20,0,8,25
Rodrigo,School 20,0,9,25
Rodrigo,School 20,0,10,24
Chief,School 20,0,4,14
Chief,School 20,0,5,18
Chief,School 20,0,6,21
Chief,School 20,0,7,20
Chief,School 20,0,8,18
Chief,School 20,0,9,21
Chief,School 20,0,10,25
Zaghlool,School 20,1,4,12
Zaghlool,School 20,1,5,13
Zaghlool,School 20,1,6,11
Zaghlool,School 20,1,7,12
Zaghlool,School 20,1,8,16
Zaghlool,School 20,1,9,14
Zaghlool,School 20,1,10,14
NA,School 20,1,4,0
NA,School 20,1,5,2
NA,School 20,1,6,8
NA,School 20,1,7,13
NA,School 20,1,8,7
NA,School 20,1,9,10
NA,School 20,1,10,13
NA,School 20,0,4,19
NA,School 20,0,5,27
NA,School 20,0,6,18
NA,School 20,0,7,27
NA,School 20,0,8,25
NA,School 20,0,9,28
NA,School 20,0,10,27
NA,School 20,0,4,23
NA,School 20,0,5,21
NA,School 20,0,6,17
NA,School 20,0,7,28
NA,School 20,0,8,28
NA,School 20,0,9,27
NA,School 20,0,10,29
Dylan,School 21,1,4,34
Dylan,School 21,1,5,23
Dylan,School 21,1,6,27
Dylan,School 21,1,7,41
Dylan,School 21,1,8,37
Dylan,School 21,1,9,26
Dylan,School 21,1,10,42
Danial,School 21,0,4,16
Danial,School 21,0,5,21
Danial,School 21,0,6,20
Danial,School 21,0,7,22
Danial,School 21,0,8,43
Danial,School 21,0,9,32
Danial,School 21,0,10,21
Leo,School 21,1,4,37
Leo,School 21,1,5,38
Leo,School 21,1,6,20
Leo,School 21,1,7,31
Leo,School 21,1,8,36
Leo,School 21,1,9,28
Leo,School 21,1,10,39
Tori,School 21,0,4,34
Tori,School 21,0,5,33
Tori,School 21,0,6,29
Tori,School 21,0,7,23
Tori,School 21,0,8,32
Tori,School 21,0,9,28
Tori,School 21,0,10,34
Ghaidaa,School 21,0,4,7
Ghaidaa,School 21,0,5,17
Ghaidaa,School 21,0,6,26
Ghaidaa,School 21,0,7,40
Ghaidaa,School 21,0,8,29
Ghaidaa,School 21,0,9,13
Ghaidaa,School 21,0,10,29
Luke,School 21,1,4,41
Luke,School 21,1,5,42
Luke,School 21,1,6,29
Luke,School 21,1,7,41
Luke,School 21,1,8,59
Luke,School 21,1,9,45
Luke,School 21,1,10,40
Adrian,School 21,1,4,48
Adrian,School 21,1,5,29
Adrian,School 21,1,6,18
Adrian,School 21,1,7,39
Adrian,School 21,1,8,35
Adrian,School 21,1,9,29
Adrian,School 21,1,10,33
Naaji,School 21,1,4,31
Naaji,School 21,1,5,14
Naaji,School 21,1,6,29
Naaji,School 21,1,7,28
Naaji,School 21,1,8,31
Naaji,School 21,1,9,35
Naaji,School 21,1,10,32
Donald,School 21,0,4,30
Donald,School 21,0,5,19
Donald,School 21,0,6,39
Donald,School 21,0,7,27
Donald,School 21,0,8,53
Donald,School 21,0,9,28
Donald,School 21,0,10,33
NA,School 21,0,4,9
NA,School 21,0,5,26
NA,School 21,0,6,14
NA,School 21,0,7,32
NA,School 21,0,8,32
NA,School 21,0,9,37
NA,School 21,0,10,28
NA,School 21,1,4,37
NA,School 21,1,5,15
NA,School 21,1,6,35
NA,School 21,1,7,20
NA,School 21,1,8,29
NA,School 21,1,9,21
NA,School 21,1,10,42
NA,School 21,0,4,17
NA,School 21,0,5,26
NA,School 21,0,6,36
NA,School 21,0,7,33
NA,School 21,0,8,27
NA,School 21,0,9,37
NA,School 21,0,10,32
NA,School 21,0,4,33
NA,School 21,0,5,22
NA,School 21,0,6,38
NA,School 21,0,7,40
NA,School 21,0,8,29
NA,School 21,0,9,32
NA,School 21,0,10,37
NA,School 21,0,4,39
NA,School 21,0,5,38
NA,School 21,0,6,38
NA,School 21,0,7,37
NA,School 21,0,8,39
NA,School 21,0,9,30
NA,School 21,0,10,42
NA,School 21,0,4,39
NA,School 21,0,5,35
NA,School 21,0,6,38
NA,School 21,0,7,20
NA,School 21,0,8,37
NA,School 21,0,9,24
NA,School 21,0,10,43
NA,School 21,0,4,28
NA,School 21,0,5,38
NA,School 21,0,6,55
NA,School 21,0,7,32
NA,School 21,0,8,34
NA,School 21,0,9,50
NA,School 21,0,10,39
NA,School 21,0,4,31
NA,School 21,0,5,30
NA,School 21,0,6,19
NA,School 21,0,7,27
NA,School 21,0,8,41
NA,School 21,0,9,29
NA,School 21,0,10,37
NA,School 21,1,4,30
NA,School 21,1,5,24
NA,School 21,1,6,37
NA,School 21,1,7,47
NA,School 21,1,8,40
NA,School 21,1,9,34
NA,School 21,1,10,36
NA,School 21,1,4,20
NA,School 21,1,5,23
NA,School 21,1,6,38
NA,School 21,1,7,45
NA,School 21,1,8,36
NA,School 21,1,9,35
NA,School 21,1,10,16
NA,School 21,0,4,13
NA,School 21,0,5,38
NA,School 21,0,6,18
NA,School 21,0,7,34
NA,School 21,0,8,12
NA,School 21,0,9,46
NA,School 21,0,10,48
NA,School 21,1,4,37
NA,School 21,1,5,31
NA,School 21,1,6,26
NA,School 21,1,7,27
NA,School 21,1,8,39
NA,School 21,1,9,38
NA,School 21,1,10,24
NA,School 21,0,4,33
NA,School 21,0,5,25
NA,School 21,0,6,28
NA,School 21,0,7,30
NA,School 21,0,8,24
NA,School 21,0,9,35
NA,School 21,0,10,43
NA,School 21,0,4,24
NA,School 21,0,5,25
NA,School 21,0,6,28
NA,School 21,0,7,35
NA,School 21,0,8,26
NA,School 21,0,9,33
NA,School 21,0,10,29
NA,School 21,0,4,31
NA,School 21,0,5,27
NA,School 21,0,6,32
NA,School 21,0,7,34
NA,School 21,0,8,34
NA,School 21,0,9,24
NA,School 21,0,10,30
NA,School 21,0,4,26
NA,School 21,0,5,27
NA,School 21,0,6,25
NA,School 21,0,7,25
NA,School 21,0,8,47
NA,School 21,0,9,49
NA,School 21,0,10,21
NA,School 21,1,4,33
NA,School 21,1,5,36
NA,School 21,1,6,22
NA,School 21,1,7,34
NA,School 21,1,8,30
NA,School 21,1,9,40
NA,School 21,1,10,30
NA,School 21,0,4,16
NA,School 21,0,5,37
NA,School 21,0,6,28
NA,School 21,0,7,36
NA,School 21,0,8,42
NA,School 21,0,9,36
NA,School 21,0,10,30
NA,School 21,0,4,16
NA,School 21,0,5,11
NA,School 21,0,6,45
NA,School 21,0,7,32
NA,School 21,0,8,39
NA,School 21,0,9,30
NA,School 21,0,10,9
NA,School 21,0,4,37
NA,School 21,0,5,33
NA,School 21,0,6,33
NA,School 21,0,7,38
NA,School 21,0,8,31
NA,School 21,0,9,40
NA,School 21,0,10,25
Abdullah,School 22,0,4,16
Abdullah,School 22,0,5,19
Abdullah,School 22,0,6,11
Abdullah,School 22,0,7,17
Abdullah,School 22,0,8,36
Abdullah,School 22,0,9,24
Abdullah,School 22,0,10,18
Billie,School 22,1,4,13
Billie,School 22,1,5,16
Billie,School 22,1,6,20
Billie,School 22,1,7,20
Billie,School 22,1,8,29
Billie,School 22,1,9,32
Billie,School 22,1,10,16
Caila,School 22,0,4,31
Caila,School 22,0,5,35
Caila,School 22,0,6,32
Caila,School 22,0,7,31
Caila,School 22,0,8,31
Caila,School 22,0,9,29
Caila,School 22,0,10,33
Emily,School 22,0,4,10
Emily,School 22,0,5,15
Emily,School 22,0,6,16
Emily,School 22,0,7,28
Emily,School 22,0,8,23
Emily,School 22,0,9,30
Emily,School 22,0,10,31
Shyanne,School 22,0,4,14
Shyanne,School 22,0,5,15
Shyanne,School 22,0,6,12
Shyanne,School 22,0,7,15
Shyanne,School 22,0,8,30
Shyanne,School 22,0,9,25
Shyanne,School 22,0,10,30
David,School 22,1,4,7
David,School 22,1,5,15
David,School 22,1,6,18
David,School 22,1,7,15
David,School 22,1,8,20
David,School 22,1,9,23
David,School 22,1,10,11
Gerald,School 22,1,4,13
Gerald,School 22,1,5,9
Gerald,School 22,1,6,12
Gerald,School 22,1,7,20
Gerald,School 22,1,8,26
Gerald,School 22,1,9,34
Gerald,School 22,1,10,19
Brensen,School 22,1,4,9
Brensen,School 22,1,5,7
Brensen,School 22,1,6,8
Brensen,School 22,1,7,27
Brensen,School 22,1,8,11
Brensen,School 22,1,9,21
Brensen,School 22,1,10,14
Justin,School 22,0,4,9
Justin,School 22,0,5,15
Justin,School 22,0,6,30
Justin,School 22,0,7,24
Justin,School 22,0,8,27
Justin,School 22,0,9,24
Justin,School 22,0,10,23
NA,School 22,0,4,15
NA,School 22,0,5,1
NA,School 22,0,6,29
NA,School 22,0,7,17
NA,School 22,0,8,12
NA,School 22,0,9,12
NA,School 22,0,10,28
NA,School 22,0,4,38
NA,School 22,0,5,18
NA,School 22,0,6,42
NA,School 22,0,7,31
NA,School 22,0,8,26
NA,School 22,0,9,29
NA,School 22,0,10,31
NA,School 22,0,4,20
NA,School 22,0,5,19
NA,School 22,0,6,25
NA,School 22,0,7,15
NA,School 22,0,8,30
NA,School 22,0,9,17
NA,School 22,0,10,29
NA,School 22,0,4,8
NA,School 22,0,5,26
NA,School 22,0,6,9
NA,School 22,0,7,13
NA,School 22,0,8,32
NA,School 22,0,9,25
NA,School 22,0,10,20
NA,School 22,1,4,15
NA,School 22,1,5,24
NA,School 22,1,6,17
NA,School 22,1,7,30
NA,School 22,1,8,35
NA,School 22,1,9,41
NA,School 22,1,10,14
Brandon,School 23,0,4,0
Brandon,School 23,0,5,20
Brandon,School 23,0,6,14
Brandon,School 23,0,7,23
Brandon,School 23,0,8,15
Brandon,School 23,0,9,14
Brandon,School 23,0,10,25
Qisma,School 23,0,4,23
Qisma,School 23,0,5,28
Qisma,School 23,0,6,34
Qisma,School 23,0,7,37
Qisma,School 23,0,8,28
Qisma,School 23,0,9,24
Qisma,School 23,0,10,50
Israa,School 23,1,4,19
Israa,School 23,1,5,4
Israa,School 23,1,6,29
Israa,School 23,1,7,20
Israa,School 23,1,8,37
Israa,School 23,1,9,28
Israa,School 23,1,10,23
Nicole,School 23,0,4,0
Nicole,School 23,0,5,0
Nicole,School 23,0,6,9
Nicole,School 23,0,7,0
Nicole,School 23,0,8,1
Nicole,School 23,0,9,8
Nicole,School 23,0,10,30
Matthew,School 23,0,4,0
Matthew,School 23,0,5,9
Matthew,School 23,0,6,0
Matthew,School 23,0,7,5
Matthew,School 23,0,8,6
Matthew,School 23,0,9,24
Matthew,School 23,0,10,14
Jasra,School 23,0,4,1
Jasra,School 23,0,5,22
Jasra,School 23,0,6,27
Jasra,School 23,0,7,32
Jasra,School 23,0,8,27
Jasra,School 23,0,9,52
Jasra,School 23,0,10,27
Alex,School 24,0,4,22
Alex,School 24,0,5,28
Alex,School 24,0,6,28
Alex,School 24,0,7,35
Alex,School 24,0,8,36
Alex,School 24,0,9,34
Alex,School 24,0,10,43
Zachary,School 24,0,4,33
Zachary,School 24,0,5,20
Zachary,School 24,0,6,14
Zachary,School 24,0,7,20
Zachary,School 24,0,8,22
Zachary,School 24,0,9,26
Zachary,School 24,0,10,27
Johnna,School 24,0,4,28
Johnna,School 24,0,5,23
Johnna,School 24,0,6,42
Johnna,School 24,0,7,18
Johnna,School 24,0,8,33
Johnna,School 24,0,9,18
Johnna,School 24,0,10,31
Amanda,School 24,1,4,37
Amanda,School 24,1,5,28
Amanda,School 24,1,6,33
Amanda,School 24,1,7,49
Amanda,School 24,1,8,36
Amanda,School 24,1,9,30
Amanda,School 24,1,10,46
Camden,School 24,1,4,16
Camden,School 24,1,5,17
Camden,School 24,1,6,20
Camden,School 24,1,7,28
Camden,School 24,1,8,22
Camden,School 24,1,9,11
Camden,School 24,1,10,20
Brae,School 24,0,4,18
Brae,School 24,0,5,20
Brae,School 24,0,6,6
Brae,School 24,0,7,20
Brae,School 24,0,8,17
Brae,School 24,0,9,14
Brae,School 24,0,10,33
Jadeeda,School 24,0,4,26
Jadeeda,School 24,0,5,38
Jadeeda,School 24,0,6,35
Jadeeda,School 24,0,7,42
Jadeeda,School 24,0,8,31
Jadeeda,School 24,0,9,47
Jadeeda,School 24,0,10,45
Pari,School 24,1,4,21
Pari,School 24,1,5,8
Pari,School 24,1,6,15
Pari,School 24,1,7,20
Pari,School 24,1,8,27
Pari,School 24,1,9,18
Pari,School 24,1,10,16
Steven,School 24,1,4,45
Steven,School 24,1,5,43
Steven,School 24,1,6,24
Steven,School 24,1,7,43
Steven,School 24,1,8,48
Steven,School 24,1,9,57
Steven,School 24,1,10,47
NA,School 24,0,4,23
NA,School 24,0,5,15
NA,School 24,0,6,22
NA,School 24,0,7,34
NA,School 24,0,8,21
NA,School 24,0,9,24
NA,School 24,0,10,17
NA,School 24,1,4,20
NA,School 24,1,5,19
NA,School 24,1,6,42
NA,School 24,1,7,37
NA,School 24,1,8,26
NA,School 24,1,9,25
NA,School 24,1,10,15
NA,School 24,0,4,17
NA,School 24,0,5,28
NA,School 24,0,6,29
NA,School 24,0,7,24
NA,School 24,0,8,30
NA,School 24,0,9,43
NA,School 24,0,10,23
NA,School 24,1,4,19
NA,School 24,1,5,24
NA,School 24,1,6,9
NA,School 24,1,7,14
NA,School 24,1,8,21
NA,School 24,1,9,23
NA,School 24,1,10,18
NA,School 24,1,4,7
NA,School 24,1,5,16
NA,School 24,1,6,9
NA,School 24,1,7,25
NA,School 24,1,8,19
NA,School 24,1,9,29
NA,School 24,1,10,18
NA,School 24,0,4,28
NA,School 24,0,5,20
NA,School 24,0,6,29
NA,School 24,0,7,37
NA,School 24,0,8,27
NA,School 24,0,9,20
NA,School 24,0,10,25
NA,School 24,0,4,21
NA,School 24,0,5,18
NA,School 24,0,6,31
NA,School 24,0,7,31
NA,School 24,0,8,26
NA,School 24,0,9,26
NA,School 24,0,10,34
NA,School 24,1,4,21
NA,School 24,1,5,15
NA,School 24,1,6,40
NA,School 24,1,7,30
NA,School 24,1,8,42
NA,School 24,1,9,24
NA,School 24,1,10,23
NA,School 24,0,4,11
NA,School 24,0,5,15
NA,School 24,0,6,27
NA,School 24,0,7,18
NA,School 24,0,8,11
NA,School 24,0,9,27
NA,School 24,0,10,39
NA,School 24,0,4,36
NA,School 24,0,5,56
NA,School 24,0,6,30
NA,School 24,0,7,40
NA,School 24,0,8,56
NA,School 24,0,9,41
NA,School 24,0,10,47
NA,School 24,0,4,13
NA,School 24,0,5,16
NA,School 24,0,6,23
NA,School 24,0,7,29
NA,School 24,0,8,24
NA,School 24,0,9,31
NA,School 24,0,10,39
Stephanie,School 25,1,4,21
Stephanie,School 25,1,5,22
Stephanie,School 25,1,6,22
Stephanie,School 25,1,7,27
Stephanie,School 25,1,8,27
Stephanie,School 25,1,9,28
Stephanie,School 25,1,10,22
Christopher,School 25,0,4,20
Christopher,School 25,0,5,18
Christopher,School 25,0,6,22
Christopher,School 25,0,7,28
Christopher,School 25,0,8,25
Christopher,School 25,0,9,23
Christopher,School 25,0,10,24
Dominique,School 25,1,4,18
Dominique,School 25,1,5,23
Dominique,School 25,1,6,28
Dominique,School 25,1,7,31
Dominique,School 25,1,8,28
Dominique,School 25,1,9,29
Dominique,School 25,1,10,29
Yasmyn,School 25,1,4,20
Yasmyn,School 25,1,5,16
Yasmyn,School 25,1,6,16
Yasmyn,School 25,1,7,21
Yasmyn,School 25,1,8,26
Yasmyn,School 25,1,9,20
Yasmyn,School 25,1,10,24
Linda,School 25,0,4,12
Linda,School 25,0,5,32
Linda,School 25,0,6,28
Linda,School 25,0,7,27
Linda,School 25,0,8,32
Linda,School 25,0,9,25
Linda,School 25,0,10,24
Sulama,School 25,1,4,18
Sulama,School 25,1,5,19
Sulama,School 25,1,6,15
Sulama,School 25,1,7,29
Sulama,School 25,1,8,27
Sulama,School 25,1,9,31
Sulama,School 25,1,10,24
Shania,School 25,0,4,26
Shania,School 25,0,5,30
Shania,School 25,0,6,26
Shania,School 25,0,7,24
Shania,School 25,0,8,31
Shania,School 25,0,9,24
Shania,School 25,0,10,34
Shanda,School 25,0,4,18
Shanda,School 25,0,5,27
Shanda,School 25,0,6,21
Shanda,School 25,0,7,16
Shanda,School 25,0,8,24
Shanda,School 25,0,9,30
Shanda,School 25,0,10,28
Fateena,School 25,1,4,18
Fateena,School 25,1,5,19
Fateena,School 25,1,6,19
Fateena,School 25,1,7,25
Fateena,School 25,1,8,25
Fateena,School 25,1,9,26
Fateena,School 25,1,10,30
NA,School 25,1,4,23
NA,School 25,1,5,13
NA,School 25,1,6,26
NA,School 25,1,7,29
NA,School 25,1,8,29
NA,School 25,1,9,25
NA,School 25,1,10,22
NA,School 25,1,4,20
NA,School 25,1,5,25
NA,School 25,1,6,31
NA,School 25,1,7,27
NA,School 25,1,8,31
NA,School 25,1,9,33
NA,School 25,1,10,26
NA,School 25,0,4,18
NA,School 25,0,5,18
NA,School 25,0,6,12
NA,School 25,0,7,21
NA,School 25,0,8,16
NA,School 25,0,9,17
NA,School 25,0,10,22
NA,School 25,0,4,19
NA,School 25,0,5,24
NA,School 25,0,6,31
NA,School 25,0,7,27
NA,School 25,0,8,28
NA,School 25,0,9,27
NA,School 25,0,10,12
NA,School 25,0,4,24
NA,School 25,0,5,34
NA,School 25,0,6,30
NA,School 25,0,7,27
NA,School 25,0,8,38
NA,School 25,0,9,40
NA,School 25,0,10,35
NA,School 25,1,4,20
NA,School 25,1,5,23
NA,School 25,1,6,29
NA,School 25,1,7,35
NA,School 25,1,8,31
NA,School 25,1,9,29
NA,School 25,1,10,30
NA,School 25,1,4,23
NA,School 25,1,5,22
NA,School 25,1,6,23
NA,School 25,1,7,23
NA,School 25,1,8,24
NA,School 25,1,9,29
NA,School 25,1,10,38
NA,School 25,0,4,23
NA,School 25,0,5,35
NA,School 25,0,6,26
NA,School 25,0,7,33
NA,School 25,0,8,39
NA,School 25,0,9,25
NA,School 25,0,10,33
NA,School 25,0,4,22
NA,School 25,0,5,30
NA,School 25,0,6,31
NA,School 25,0,7,31
NA,School 25,0,8,29
NA,School 25,0,9,33
NA,School 25,0,10,21
NA,School 25,1,4,21
NA,School 25,1,5,25
NA,School 25,1,6,23
NA,School 25,1,7,28
NA,School 25,1,8,27
NA,School 25,1,9,26
NA,School 25,1,10,26
NA,School 25,0,4,22
NA,School 25,0,5,23
NA,School 25,0,6,29
NA,School 25,0,7,29
NA,School 25,0,8,34
NA,School 25,0,9,32
NA,School 25,0,10,38
NA,School 25,0,4,14
NA,School 25,0,5,24
NA,School 25,0,6,27
NA,School 25,0,7,28
NA,School 25,0,8,28
NA,School 25,0,9,24
NA,School 25,0,10,35
Jennifer,School 26,0,4,12
Jennifer,School 26,0,5,22
Jennifer,School 26,0,6,26
Jennifer,School 26,0,7,28
Jennifer,School 26,0,8,26
Jennifer,School 26,0,9,29
Jennifer,School 26,0,10,31
Ashley,School 26,1,4,21
Ashley,School 26,1,5,22
Ashley,School 26,1,6,25
Ashley,School 26,1,7,25
Ashley,School 26,1,8,33
Ashley,School 26,1,9,32
Ashley,School 26,1,10,33
Jalen,School 26,1,4,34
Jalen,School 26,1,5,29
Jalen,School 26,1,6,39
Jalen,School 26,1,7,38
Jalen,School 26,1,8,36
Jalen,School 26,1,9,44
Jalen,School 26,1,10,38
Steven,School 26,1,4,32
Steven,School 26,1,5,27
Steven,School 26,1,6,33
Steven,School 26,1,7,31
Steven,School 26,1,8,33
Steven,School 26,1,9,37
Steven,School 26,1,10,40
Zumruda,School 26,0,4,33
Zumruda,School 26,0,5,30
Zumruda,School 26,0,6,32
Zumruda,School 26,0,7,29
Zumruda,School 26,0,8,38
Zumruda,School 26,0,9,37
Zumruda,School 26,0,10,34
Melinda,School 26,1,4,21
Melinda,School 26,1,5,24
Melinda,School 26,1,6,28
Melinda,School 26,1,7,22
Melinda,School 26,1,8,29
Melinda,School 26,1,9,24
Melinda,School 26,1,10,27
Alfonzo,School 26,0,4,31
Alfonzo,School 26,0,5,34
Alfonzo,School 26,0,6,39
Alfonzo,School 26,0,7,41
Alfonzo,School 26,0,8,46
Alfonzo,School 26,0,9,39
Alfonzo,School 26,0,10,46
Brandon,School 26,1,4,32
Brandon,School 26,1,5,29
Brandon,School 26,1,6,38
Brandon,School 26,1,7,32
Brandon,School 26,1,8,43
Brandon,School 26,1,9,38
Brandon,School 26,1,10,42
Tashon,School 26,1,4,22
Tashon,School 26,1,5,24
Tashon,School 26,1,6,26
Tashon,School 26,1,7,22
Tashon,School 26,1,8,23
Tashon,School 26,1,9,31
Tashon,School 26,1,10,30
NA,School 26,0,4,18
NA,School 26,0,5,12
NA,School 26,0,6,19
NA,School 26,0,7,20
NA,School 26,0,8,26
NA,School 26,0,9,21
NA,School 26,0,10,25
NA,School 26,0,4,15
NA,School 26,0,5,21
NA,School 26,0,6,17
NA,School 26,0,7,21
NA,School 26,0,8,20
NA,School 26,0,9,21
NA,School 26,0,10,30
NA,School 26,0,4,26
NA,School 26,0,5,23
NA,School 26,0,6,34
NA,School 26,0,7,33
NA,School 26,0,8,35
NA,School 26,0,9,27
NA,School 26,0,10,33
NA,School 26,1,4,38
NA,School 26,1,5,37
NA,School 26,1,6,27
NA,School 26,1,7,27
NA,School 26,1,8,39
NA,School 26,1,9,32
NA,School 26,1,10,38
NA,School 26,0,4,40
NA,School 26,0,5,37
NA,School 26,0,6,44
NA,School 26,0,7,50
NA,School 26,0,8,43
NA,School 26,0,9,49
NA,School 26,0,10,49
NA,School 26,0,4,29
NA,School 26,0,5,23
NA,School 26,0,6,23
NA,School 26,0,7,29
NA,School 26,0,8,33
NA,School 26,0,9,30
NA,School 26,0,10,30
NA,School 26,0,4,28
NA,School 26,0,5,26
NA,School 26,0,6,32
NA,School 26,0,7,34
NA,School 26,0,8,33
NA,School 26,0,9,33
NA,School 26,0,10,35
Zaaida,School 27,0,4,15
Zaaida,School 27,0,5,30
Zaaida,School 27,0,6,12
Zaaida,School 27,0,7,31
Zaaida,School 27,0,8,34
Zaaida,School 27,0,9,21
Zaaida,School 27,0,10,26
Miska,School 27,1,4,19
Miska,School 27,1,5,19
Miska,School 27,1,6,13
Miska,School 27,1,7,29
Miska,School 27,1,8,20
Miska,School 27,1,9,28
Miska,School 27,1,10,33
Toua,School 27,0,4,18
Toua,School 27,0,5,15
Toua,School 27,0,6,19
Toua,School 27,0,7,23
Toua,School 27,0,8,15
Toua,School 27,0,9,20
Toua,School 27,0,10,21
Abenicio,School 27,0,4,14
Abenicio,School 27,0,5,24
Abenicio,School 27,0,6,19
Abenicio,School 27,0,7,25
Abenicio,School 27,0,8,18
Abenicio,School 27,0,9,31
Abenicio,School 27,0,10,26
Josiah,School 27,1,4,14
Josiah,School 27,1,5,19
Josiah,School 27,1,6,12
Josiah,School 27,1,7,31
Josiah,School 27,1,8,14
Josiah,School 27,1,9,20
Josiah,School 27,1,10,22
Steven,School 27,0,4,20
Steven,School 27,0,5,14
Steven,School 27,0,6,26
Steven,School 27,0,7,23
Steven,School 27,0,8,21
Steven,School 27,0,9,31
Steven,School 27,0,10,18
Katrina,School 27,1,4,31
Katrina,School 27,1,5,29
Katrina,School 27,1,6,22
Katrina,School 27,1,7,20
Katrina,School 27,1,8,16
Katrina,School 27,1,9,26
Katrina,School 27,1,10,19
Hannah,School 27,0,4,14
Hannah,School 27,0,5,18
Hannah,School 27,0,6,29
Hannah,School 27,0,7,23
Hannah,School 27,0,8,30
Hannah,School 27,0,9,25
Hannah,School 27,0,10,33
Sabeeka,School 27,0,4,28
Sabeeka,School 27,0,5,32
Sabeeka,School 27,0,6,23
Sabeeka,School 27,0,7,31
Sabeeka,School 27,0,8,16
Sabeeka,School 27,0,9,38
Sabeeka,School 27,0,10,24
NA,School 27,1,4,16
NA,School 27,1,5,21
NA,School 27,1,6,21
NA,School 27,1,7,19
NA,School 27,1,8,27
NA,School 27,1,9,30
NA,School 27,1,10,31
NA,School 27,0,4,22
NA,School 27,0,5,19
NA,School 27,0,6,29
NA,School 27,0,7,18
NA,School 27,0,8,27
NA,School 27,0,9,30
NA,School 27,0,10,22
NA,School 27,0,4,22
NA,School 27,0,5,27
NA,School 27,0,6,26
NA,School 27,0,7,38
NA,School 27,0,8,30
NA,School 27,0,9,26
NA,School 27,0,10,21
NA,School 27,0,4,28
NA,School 27,0,5,33
NA,School 27,0,6,24
NA,School 27,0,7,34
NA,School 27,0,8,34
NA,School 27,0,9,27
NA,School 27,0,10,30
NA,School 27,0,4,31
NA,School 27,0,5,16
NA,School 27,0,6,19
NA,School 27,0,7,20
NA,School 27,0,8,28
NA,School 27,0,9,38
NA,School 27,0,10,39
NA,School 27,1,4,29
NA,School 27,1,5,22
NA,School 27,1,6,35
NA,School 27,1,7,23
NA,School 27,1,8,25
NA,School 27,1,9,33
NA,School 27,1,10,36
Jeremiah,School 28,0,4,43
Jeremiah,School 28,0,5,43
Jeremiah,School 28,0,6,40
Jeremiah,School 28,0,7,53
Jeremiah,School 28,0,8,50
Jeremiah,School 28,0,9,47
Jeremiah,School 28,0,10,58
Cheyenne,School 28,0,4,24
Cheyenne,School 28,0,5,39
Cheyenne,School 28,0,6,37
Cheyenne,School 28,0,7,40
Cheyenne,School 28,0,8,38
Cheyenne,School 28,0,9,50
Cheyenne,School 28,0,10,40
Alfred,School 28,1,4,37
Alfred,School 28,1,5,35
Alfred,School 28,1,6,38
Alfred,School 28,1,7,25
Alfred,School 28,1,8,36
Alfred,School 28,1,9,48
Alfred,School 28,1,10,37
Dylan,School 28,0,4,40
Dylan,School 28,0,5,42
Dylan,School 28,0,6,40
Dylan,School 28,0,7,41
Dylan,School 28,0,8,45
Dylan,School 28,0,9,34
Dylan,School 28,0,10,40
Heather,School 28,0,4,35
Heather,School 28,0,5,35
Heather,School 28,0,6,24
Heather,School 28,0,7,45
Heather,School 28,0,8,35
Heather,School 28,0,9,36
Heather,School 28,0,10,32
Faatin,School 28,0,4,29
Faatin,School 28,0,5,39
Faatin,School 28,0,6,27
Faatin,School 28,0,7,27
Faatin,School 28,0,8,45
Faatin,School 28,0,9,43
Faatin,School 28,0,10,30
Natalie,School 28,0,4,30
Natalie,School 28,0,5,24
Natalie,School 28,0,6,35
Natalie,School 28,0,7,44
Natalie,School 28,0,8,29
Natalie,School 28,0,9,39
Natalie,School 28,0,10,37
Harlyn,School 28,1,4,23
Harlyn,School 28,1,5,26
Harlyn,School 28,1,6,39
Harlyn,School 28,1,7,32
Harlyn,School 28,1,8,33
Harlyn,School 28,1,9,35
Harlyn,School 28,1,10,41
Maya,School 28,0,4,25
Maya,School 28,0,5,20
Maya,School 28,0,6,40
Maya,School 28,0,7,26
Maya,School 28,0,8,28
Maya,School 28,0,9,25
Maya,School 28,0,10,26
NA,School 28,1,4,27
NA,School 28,1,5,22
NA,School 28,1,6,26
NA,School 28,1,7,41
NA,School 28,1,8,41
NA,School 28,1,9,39
NA,School 28,1,10,48
NA,School 28,1,4,29
NA,School 28,1,5,42
NA,School 28,1,6,35
NA,School 28,1,7,37
NA,School 28,1,8,37
NA,School 28,1,9,50
NA,School 28,1,10,35
NA,School 28,0,4,32
NA,School 28,0,5,29
NA,School 28,0,6,35
NA,School 28,0,7,47
NA,School 28,0,8,55
NA,School 28,0,9,37
NA,School 28,0,10,34
Chinmay,School 29,1,4,0
Chinmay,School 29,1,5,0
Chinmay,School 29,1,6,8
Chinmay,School 29,1,7,9
Chinmay,School 29,1,8,5
Chinmay,School 29,1,9,17
Chinmay,School 29,1,10,14
Olivia,School 29,0,4,37
Olivia,School 29,0,5,38
Olivia,School 29,0,6,40
Olivia,School 29,0,7,37
Olivia,School 29,0,8,39
Olivia,School 29,0,9,33
Olivia,School 29,0,10,48
Frank,School 29,1,4,21
Frank,School 29,1,5,6
Frank,School 29,1,6,13
Frank,School 29,1,7,29
Frank,School 29,1,8,24
Frank,School 29,1,9,15
Frank,School 29,1,10,31
Daneshia,School 29,1,4,7
Daneshia,School 29,1,5,19
Daneshia,School 29,1,6,27
Daneshia,School 29,1,7,22
Daneshia,School 29,1,8,14
Daneshia,School 29,1,9,34
Daneshia,School 29,1,10,22
Ghaidaa,School 29,1,4,25
Ghaidaa,School 29,1,5,27
Ghaidaa,School 29,1,6,29
Ghaidaa,School 29,1,7,31
Ghaidaa,School 29,1,8,25
Ghaidaa,School 29,1,9,30
Ghaidaa,School 29,1,10,25
Waliyya,School 29,0,4,20
Waliyya,School 29,0,5,23
Waliyya,School 29,0,6,22
Waliyya,School 29,0,7,16
Waliyya,School 29,0,8,18
Waliyya,School 29,0,9,22
Waliyya,School 29,0,10,14
Kento,School 29,1,4,15
Kento,School 29,1,5,17
Kento,School 29,1,6,13
Kento,School 29,1,7,24
Kento,School 29,1,8,20
Kento,School 29,1,9,22
Kento,School 29,1,10,30
Joseph,School 29,0,4,7
Joseph,School 29,0,5,18
Joseph,School 29,0,6,19
Joseph,School 29,0,7,15
Joseph,School 29,0,8,7
Joseph,School 29,0,9,16
Joseph,School 29,0,10,17
Winston,School 29,1,4,15
Winston,School 29,1,5,23
Winston,School 29,1,6,22
Winston,School 29,1,7,19
Winston,School 29,1,8,23
Winston,School 29,1,9,20
Winston,School 29,1,10,24
NA,School 29,0,4,24
NA,School 29,0,5,32
NA,School 29,0,6,33
NA,School 29,0,7,34
NA,School 29,0,8,49
NA,School 29,0,9,33
NA,School 29,0,10,34
NA,School 29,1,4,26
NA,School 29,1,5,30
NA,School 29,1,6,24
NA,School 29,1,7,12
NA,School 29,1,8,33
NA,School 29,1,9,31
NA,School 29,1,10,24
NA,School 29,0,4,20
NA,School 29,0,5,30
NA,School 29,0,6,39
NA,School 29,0,7,28
NA,School 29,0,8,40
NA,School 29,0,9,32
NA,School 29,0,10,29
NA,School 29,0,4,31
NA,School 29,0,5,36
NA,School 29,0,6,44
NA,School 29,0,7,42
NA,School 29,0,8,35
NA,School 29,0,9,43
NA,School 29,0,10,43
NA,School 29,0,4,36
NA,School 29,0,5,33
NA,School 29,0,6,28
NA,School 29,0,7,35
NA,School 29,0,8,33
NA,School 29,0,9,38
NA,School 29,0,10,40
NA,School 29,1,4,6
NA,School 29,1,5,0
NA,School 29,1,6,0
NA,School 29,1,7,0
NA,School 29,1,8,8
NA,School 29,1,9,5
NA,School 29,1,10,15
NA,School 29,1,4,0
NA,School 29,1,5,4
NA,School 29,1,6,0
NA,School 29,1,7,0
NA,School 29,1,8,0
NA,School 29,1,9,3
NA,School 29,1,10,11
NA,School 29,0,4,17
NA,School 29,0,5,30
NA,School 29,0,6,23
NA,School 29,0,7,26
NA,School 29,0,8,33
NA,School 29,0,9,35
NA,School 29,0,10,22
NA,School 29,0,4,20
NA,School 29,0,5,24
NA,School 29,0,6,24
NA,School 29,0,7,26
NA,School 29,0,8,29
NA,School 29,0,9,28
NA,School 29,0,10,29
NA,School 29,0,4,19
NA,School 29,0,5,26
NA,School 29,0,6,22
NA,School 29,0,7,22
NA,School 29,0,8,35
NA,School 29,0,9,27
NA,School 29,0,10,26
NA,School 29,0,4,10
NA,School 29,0,5,16
NA,School 29,0,6,21
NA,School 29,0,7,12
NA,School 29,0,8,22
NA,School 29,0,9,18
NA,School 29,0,10,15
NA,School 29,0,4,30
NA,School 29,0,5,28
NA,School 29,0,6,40
NA,School 29,0,7,41
NA,School 29,0,8,38
NA,School 29,0,9,44
NA,School 29,0,10,40
NA,School 29,0,4,31
NA,School 29,0,5,43
NA,School 29,0,6,40
NA,School 29,0,7,40
NA,School 29,0,8,33
NA,School 29,0,9,41
NA,School 29,0,10,40
NA,School 29,0,4,36
NA,School 29,0,5,36
NA,School 29,0,6,36
NA,School 29,0,7,33
NA,School 29,0,8,34
NA,School 29,0,9,34
NA,School 29,0,10,35
NA,School 29,0,4,21
NA,School 29,0,5,28
NA,School 29,0,6,28
NA,School 29,0,7,20
NA,School 29,0,8,39
NA,School 29,0,9,28
NA,School 29,0,10,30
Alexandra,School 30,1,4,25
Alexandra,School 30,1,5,24
Alexandra,School 30,1,6,30
Alexandra,School 30,1,7,24
Alexandra,School 30,1,8,31
Alexandra,School 30,1,9,28
Alexandra,School 30,1,10,35
Sanaaa,School 30,0,4,13
Sanaaa,School 30,0,5,15
Sanaaa,School 30,0,6,15
Sanaaa,School 30,0,7,4
Sanaaa,School 30,0,8,16
Sanaaa,School 30,0,9,20
Sanaaa,School 30,0,10,24
Terrence,School 30,1,4,2
Terrence,School 30,1,5,8
Terrence,School 30,1,6,9
Terrence,School 30,1,7,6
Terrence,School 30,1,8,12
Terrence,School 30,1,9,15
Terrence,School 30,1,10,18
Nakheel,School 30,0,4,22
Nakheel,School 30,0,5,29
Nakheel,School 30,0,6,29
Nakheel,School 30,0,7,36
Nakheel,School 30,0,8,34
Nakheel,School 30,0,9,32
Nakheel,School 30,0,10,34
Shannon,School 30,0,4,11
Shannon,School 30,0,5,3
Shannon,School 30,0,6,23
Shannon,School 30,0,7,12
Shannon,School 30,0,8,16
Shannon,School 30,0,9,14
Shannon,School 30,0,10,15
Diana,School 30,1,4,11
Diana,School 30,1,5,15
Diana,School 30,1,6,23
Diana,School 30,1,7,20
Diana,School 30,1,8,18
Diana,School 30,1,9,26
Diana,School 30,1,10,25
Jaaun,School 30,0,4,16
Jaaun,School 30,0,5,34
Jaaun,School 30,0,6,25
Jaaun,School 30,0,7,19
Jaaun,School 30,0,8,27
Jaaun,School 30,0,9,22
Jaaun,School 30,0,10,23
Andrew,School 30,1,4,14
Andrew,School 30,1,5,10
Andrew,School 30,1,6,12
Andrew,School 30,1,7,16
Andrew,School 30,1,8,13
Andrew,School 30,1,9,21
Andrew,School 30,1,10,19
Ryan,School 30,1,4,38
Ryan,School 30,1,5,41
Ryan,School 30,1,6,35
Ryan,School 30,1,7,30
Ryan,School 30,1,8,37
Ryan,School 30,1,9,46
Ryan,School 30,1,10,45
NA,School 30,1,4,13
NA,School 30,1,5,18
NA,School 30,1,6,6
NA,School 30,1,7,17
NA,School 30,1,8,16
NA,School 30,1,9,19
NA,School 30,1,10,28
NA,School 30,0,4,14
NA,School 30,0,5,18
NA,School 30,0,6,9
NA,School 30,0,7,19
NA,School 30,0,8,21
NA,School 30,0,9,26
NA,School 30,0,10,29
NA,School 30,1,4,9
NA,School 30,1,5,11
NA,School 30,1,6,14
NA,School 30,1,7,14
NA,School 30,1,8,17
NA,School 30,1,9,21
NA,School 30,1,10,24
NA,School 30,0,4,5
NA,School 30,0,5,12
NA,School 30,0,6,12
NA,School 30,0,7,16
NA,School 30,0,8,15
NA,School 30,0,9,14
NA,School 30,0,10,9
NA,School 30,1,4,8
NA,School 30,1,5,6
NA,School 30,1,6,16
NA,School 30,1,7,9
NA,School 30,1,8,18
NA,School 30,1,9,22
NA,School 30,1,10,21
NA,School 30,0,4,5
NA,School 30,0,5,12
NA,School 30,0,6,12
NA,School 30,0,7,11
NA,School 30,0,8,13
NA,School 30,0,9,21
NA,School 30,0,10,18
NA,School 30,1,4,7
NA,School 30,1,5,9
NA,School 30,1,6,13
NA,School 30,1,7,16
NA,School 30,1,8,17
NA,School 30,1,9,20
NA,School 30,1,10,16
NA,School 30,0,4,0
NA,School 30,0,5,11
NA,School 30,0,6,15
NA,School 30,0,7,14
NA,School 30,0,8,19
NA,School 30,0,9,18
NA,School 30,0,10,26
NA,School 30,1,4,27
NA,School 30,1,5,21
NA,School 30,1,6,27
NA,School 30,1,7,31
NA,School 30,1,8,29
NA,School 30,1,9,34
NA,School 30,1,10,30
